program	table	dictionary	column	role	grain
AMP-PD	Caffeine_history.csv	pdrd/Caffeine_history_dictionary.csv	participant_id	key	visit
AMP-PD	Caffeine_history.csv	pdrd/Caffeine_history_dictionary.csv	GUID	key	visit
AMP-PD	Caffeine_history.csv	pdrd/Caffeine_history_dictionary.csv	visit_name	key	visit
AMP-PD	Caffeine_history.csv	pdrd/Caffeine_history_dictionary.csv	visit_month	key	visit
AMP-PD	Caffeine_history.csv	pdrd/Caffeine_history_dictionary.csv	caff_drinks_ever_used_regularly	data	visit
AMP-PD	Caffeine_history.csv	pdrd/Caffeine_history_dictionary.csv	caff_drinks_current_use	data	visit
AMP-PD	DTI.csv	pdrd/DTI_dictionary.csv	participant_id	key	visit
AMP-PD	DTI.csv	pdrd/DTI_dictionary.csv	GUID	key	visit
AMP-PD	DTI.csv	pdrd/DTI_dictionary.csv	visit_name	key	visit
AMP-PD	DTI.csv	pdrd/DTI_dictionary.csv	visit_month	key	visit
AMP-PD	DTI.csv	pdrd/DTI_dictionary.csv	dti_brain_tissue	data	visit
AMP-PD	DTI.csv	pdrd/DTI_dictionary.csv	roi1_left_rostral	data	visit
AMP-PD	DTI.csv	pdrd/DTI_dictionary.csv	roi2_left_middle	data	visit
AMP-PD	DTI.csv	pdrd/DTI_dictionary.csv	roi3_left_caudal	data	visit
AMP-PD	DTI.csv	pdrd/DTI_dictionary.csv	roi4_right_rostral	data	visit
AMP-PD	DTI.csv	pdrd/DTI_dictionary.csv	roi5_right_middle	data	visit
AMP-PD	DTI.csv	pdrd/DTI_dictionary.csv	roi6_right_caudal	data	visit
AMP-PD	DTI.csv	pdrd/DTI_dictionary.csv	ref1_left_reference	data	visit
AMP-PD	DTI.csv	pdrd/DTI_dictionary.csv	ref2_right_reference	data	visit
AMP-PD	DaTSCAN_SBR.csv	pdrd/DaTSCAN_SBR_dictionary.csv	participant_id	key	visit
AMP-PD	DaTSCAN_SBR.csv	pdrd/DaTSCAN_SBR_dictionary.csv	GUID	key	visit
AMP-PD	DaTSCAN_SBR.csv	pdrd/DaTSCAN_SBR_dictionary.csv	visit_name	key	visit
AMP-PD	DaTSCAN_SBR.csv	pdrd/DaTSCAN_SBR_dictionary.csv	visit_month	key	visit
AMP-PD	DaTSCAN_SBR.csv	pdrd/DaTSCAN_SBR_dictionary.csv	sbr_caudate_r	data	visit
AMP-PD	DaTSCAN_SBR.csv	pdrd/DaTSCAN_SBR_dictionary.csv	sbr_caudate_l	data	visit
AMP-PD	DaTSCAN_SBR.csv	pdrd/DaTSCAN_SBR_dictionary.csv	sbr_putamen_r	data	visit
AMP-PD	DaTSCAN_SBR.csv	pdrd/DaTSCAN_SBR_dictionary.csv	sbr_putamen_l	data	visit
AMP-PD	DaTSCAN_visual_interpretation.csv	pdrd/DaTSCAN_visual_interpretation_dictionary.csv	participant_id	key	visit
AMP-PD	DaTSCAN_visual_interpretation.csv	pdrd/DaTSCAN_visual_interpretation_dictionary.csv	GUID	key	visit
AMP-PD	DaTSCAN_visual_interpretation.csv	pdrd/DaTSCAN_visual_interpretation_dictionary.csv	visit_name	key	visit
AMP-PD	DaTSCAN_visual_interpretation.csv	pdrd/DaTSCAN_visual_interpretation_dictionary.csv	visit_month	key	visit
AMP-PD	DaTSCAN_visual_interpretation.csv	pdrd/DaTSCAN_visual_interpretation_dictionary.csv	scan_months_after_baseline	data	visit
AMP-PD	DaTSCAN_visual_interpretation.csv	pdrd/DaTSCAN_visual_interpretation_dictionary.csv	datscan_visual_interpretation	data	visit
AMP-PD	Demographics.csv	pdrd/Demographics_dictionary.csv	participant_id	key	visit
AMP-PD	Demographics.csv	pdrd/Demographics_dictionary.csv	GUID	key	visit
AMP-PD	Demographics.csv	pdrd/Demographics_dictionary.csv	visit_name	key	visit
AMP-PD	Demographics.csv	pdrd/Demographics_dictionary.csv	visit_month	key	visit
AMP-PD	Demographics.csv	pdrd/Demographics_dictionary.csv	age_at_baseline	data	visit
AMP-PD	Demographics.csv	pdrd/Demographics_dictionary.csv	sex	data	visit
AMP-PD	Demographics.csv	pdrd/Demographics_dictionary.csv	ethnicity	data	visit
AMP-PD	Demographics.csv	pdrd/Demographics_dictionary.csv	race	data	visit
AMP-PD	Demographics.csv	pdrd/Demographics_dictionary.csv	education_level_years	data	visit
AMP-AD	DiverseCohorts_DataDictionary.pdf	ad/DiverseCohorts_parsed_dictionary.tsv	individualID	key	subject
AMP-AD	DiverseCohorts_DataDictionary.pdf	ad/DiverseCohorts_parsed_dictionary.tsv	cohort	data	subject
AMP-AD	DiverseCohorts_DataDictionary.pdf	ad/DiverseCohorts_parsed_dictionary.tsv	sex	data	subject
AMP-AD	DiverseCohorts_DataDictionary.pdf	ad/DiverseCohorts_parsed_dictionary.tsv	race	data	subject
AMP-AD	DiverseCohorts_DataDictionary.pdf	ad/DiverseCohorts_parsed_dictionary.tsv	isHispanic	data	subject
AMP-AD	DiverseCohorts_DataDictionary.pdf	ad/DiverseCohorts_parsed_dictionary.tsv	ageDeath	data	subject
AMP-AD	DiverseCohorts_DataDictionary.pdf	ad/DiverseCohorts_parsed_dictionary.tsv	pmi	data	subject
AMP-AD	DiverseCohorts_DataDictionary.pdf	ad/DiverseCohorts_parsed_dictionary.tsv	apoeGenotype	data	subject
AMP-AD	DiverseCohorts_DataDictionary.pdf	ad/DiverseCohorts_parsed_dictionary.tsv	amyThal	data	subject
AMP-AD	DiverseCohorts_DataDictionary.pdf	ad/DiverseCohorts_parsed_dictionary.tsv	amyA	data	subject
AMP-AD	DiverseCohorts_DataDictionary.pdf	ad/DiverseCohorts_parsed_dictionary.tsv	amyCerad	data	subject
AMP-AD	DiverseCohorts_DataDictionary.pdf	ad/DiverseCohorts_parsed_dictionary.tsv	amyAny	data	subject
AMP-AD	DiverseCohorts_DataDictionary.pdf	ad/DiverseCohorts_parsed_dictionary.tsv	Braak	data	subject
AMP-AD	DiverseCohorts_DataDictionary.pdf	ad/DiverseCohorts_parsed_dictionary.tsv	bScore	data	subject
AMP-AD	DiverseCohorts_DataDictionary.pdf	ad/DiverseCohorts_parsed_dictionary.tsv	ADoutcome	data	subject
AMP-AD	DiverseCohorts_DataDictionary.pdf	ad/DiverseCohorts_parsed_dictionary.tsv	mayoDx	data	subject
AMP-AD	DiverseCohorts_DataDictionary_ExtNeuropath.pdf	ad/DiverseCohorts_parsed_dictionary.tsv	individualID	key	subject
AMP-AD	DiverseCohorts_DataDictionary_ExtNeuropath.pdf	ad/DiverseCohorts_parsed_dictionary.tsv	cohort	data	subject
AMP-AD	DiverseCohorts_DataDictionary_ExtNeuropath.pdf	ad/DiverseCohorts_parsed_dictionary.tsv	LEWY_full	data	subject
AMP-AD	DiverseCohorts_DataDictionary_ExtNeuropath.pdf	ad/DiverseCohorts_parsed_dictionary.tsv	LEWY_grp	data	subject
AMP-AD	DiverseCohorts_DataDictionary_ExtNeuropath.pdf	ad/DiverseCohorts_parsed_dictionary.tsv	LEWY_ANY	data	subject
AMP-AD	DiverseCohorts_DataDictionary_ExtNeuropath.pdf	ad/DiverseCohorts_parsed_dictionary.tsv	INFA	data	subject
AMP-AD	DiverseCohorts_DataDictionary_ExtNeuropath.pdf	ad/DiverseCohorts_parsed_dictionary.tsv	HEMOR	data	subject
AMP-AD	DiverseCohorts_DataDictionary_ExtNeuropath.pdf	ad/DiverseCohorts_parsed_dictionary.tsv	MICR	data	subject
AMP-AD	DiverseCohorts_DataDictionary_ExtNeuropath.pdf	ad/DiverseCohorts_parsed_dictionary.tsv	WMR	data	subject
AMP-AD	DiverseCohorts_DataDictionary_ExtNeuropath.pdf	ad/DiverseCohorts_parsed_dictionary.tsv	WBVD	data	subject
AMP-AD	DiverseCohorts_DataDictionary_ExtNeuropath.pdf	ad/DiverseCohorts_parsed_dictionary.tsv	HS_L	data	subject
AMP-AD	DiverseCohorts_DataDictionary_ExtNeuropath.pdf	ad/DiverseCohorts_parsed_dictionary.tsv	HS_S	data	subject
AMP-AD	DiverseCohorts_DataDictionary_ExtNeuropath.pdf	ad/DiverseCohorts_parsed_dictionary.tsv	TDP_3	data	subject
AMP-AD	DiverseCohorts_DataDictionary_ExtNeuropath.pdf	ad/DiverseCohorts_parsed_dictionary.tsv	TDP_5	data	subject
AMP-AD	DiverseCohorts_DataDictionary_ExtNeuropath.pdf	ad/DiverseCohorts_parsed_dictionary.tsv	CVD_ATH	data	subject
AMP-AD	DiverseCohorts_DataDictionary_ExtNeuropath.pdf	ad/DiverseCohorts_parsed_dictionary.tsv	CVD_ATH_ANY	data	subject
AMP-AD	DiverseCohorts_DataDictionary_ExtNeuropath.pdf	ad/DiverseCohorts_parsed_dictionary.tsv	CVD_ART	data	subject
AMP-AD	DiverseCohorts_DataDictionary_ExtNeuropath.pdf	ad/DiverseCohorts_parsed_dictionary.tsv	CVD_ART_ANY	data	subject
AMP-AD	DiverseCohorts_DataDictionary_ExtNeuropath.pdf	ad/DiverseCohorts_parsed_dictionary.tsv	CVD_CAA	data	subject
AMP-AD	DiverseCohorts_DataDictionary_ExtNeuropath.pdf	ad/DiverseCohorts_parsed_dictionary.tsv	BRAINWT	data	subject
AMP-AD	DiverseCohorts_DataDictionary_ExtNeuropath.pdf	ad/DiverseCohorts_parsed_dictionary.tsv	Lacunes_MSSM	data	subject
AMP-AD	DiverseCohorts_DataDictionary_ExtNeuropath.pdf	ad/DiverseCohorts_parsed_dictionary.tsv	BrodmannArea	data	subject
AMP-PD	Enrollment.csv	pdrd/Enrollment_dictionary.csv	participant_id	key	visit
AMP-PD	Enrollment.csv	pdrd/Enrollment_dictionary.csv	GUID	key	visit
AMP-PD	Enrollment.csv	pdrd/Enrollment_dictionary.csv	visit_name	key	visit
AMP-PD	Enrollment.csv	pdrd/Enrollment_dictionary.csv	visit_month	key	visit
AMP-PD	Enrollment.csv	pdrd/Enrollment_dictionary.csv	enrollment_months_after_baseline	data	visit
AMP-PD	Enrollment.csv	pdrd/Enrollment_dictionary.csv	informed_consent_months_after_baseline	data	visit
AMP-PD	Epworth_Sleepiness_Scale.csv	pdrd/Epworth_Sleepiness_Scale_dictionary.csv	participant_id	key	visit
AMP-PD	Epworth_Sleepiness_Scale.csv	pdrd/Epworth_Sleepiness_Scale_dictionary.csv	GUID	key	visit
AMP-PD	Epworth_Sleepiness_Scale.csv	pdrd/Epworth_Sleepiness_Scale_dictionary.csv	visit_name	key	visit
AMP-PD	Epworth_Sleepiness_Scale.csv	pdrd/Epworth_Sleepiness_Scale_dictionary.csv	visit_month	key	visit
AMP-PD	Epworth_Sleepiness_Scale.csv	pdrd/Epworth_Sleepiness_Scale_dictionary.csv	ess_info_source	data	visit
AMP-PD	Epworth_Sleepiness_Scale.csv	pdrd/Epworth_Sleepiness_Scale_dictionary.csv	code_ess0101_sitting_and_reading	data	visit
AMP-PD	Epworth_Sleepiness_Scale.csv	pdrd/Epworth_Sleepiness_Scale_dictionary.csv	code_ess0102_watching_tv	data	visit
AMP-PD	Epworth_Sleepiness_Scale.csv	pdrd/Epworth_Sleepiness_Scale_dictionary.csv	code_ess0103_sitting_inactive_in_public_place	data	visit
AMP-PD	Epworth_Sleepiness_Scale.csv	pdrd/Epworth_Sleepiness_Scale_dictionary.csv	code_ess0104_passenger_in_car_for_hour	data	visit
AMP-PD	Epworth_Sleepiness_Scale.csv	pdrd/Epworth_Sleepiness_Scale_dictionary.csv	code_ess0105_lying_down_to_rest_in_afternoon	data	visit
AMP-PD	Epworth_Sleepiness_Scale.csv	pdrd/Epworth_Sleepiness_Scale_dictionary.csv	code_ess0106_sitting_and_talking_to_someone	data	visit
AMP-PD	Epworth_Sleepiness_Scale.csv	pdrd/Epworth_Sleepiness_Scale_dictionary.csv	code_ess0107_sitting_after_lunch	data	visit
AMP-PD	Epworth_Sleepiness_Scale.csv	pdrd/Epworth_Sleepiness_Scale_dictionary.csv	code_ess0108_car_stopped_in_traffic	data	visit
AMP-PD	Epworth_Sleepiness_Scale.csv	pdrd/Epworth_Sleepiness_Scale_dictionary.csv	ess0101_sitting_and_reading	data	visit
AMP-PD	Epworth_Sleepiness_Scale.csv	pdrd/Epworth_Sleepiness_Scale_dictionary.csv	ess0102_watching_tv	data	visit
AMP-PD	Epworth_Sleepiness_Scale.csv	pdrd/Epworth_Sleepiness_Scale_dictionary.csv	ess0103_sitting_inactive_in_public_place	data	visit
AMP-PD	Epworth_Sleepiness_Scale.csv	pdrd/Epworth_Sleepiness_Scale_dictionary.csv	ess0104_passenger_in_car_for_hour	data	visit
AMP-PD	Epworth_Sleepiness_Scale.csv	pdrd/Epworth_Sleepiness_Scale_dictionary.csv	ess0105_lying_down_to_rest_in_afternoon	data	visit
AMP-PD	Epworth_Sleepiness_Scale.csv	pdrd/Epworth_Sleepiness_Scale_dictionary.csv	ess0106_sitting_and_talking_to_someone	data	visit
AMP-PD	Epworth_Sleepiness_Scale.csv	pdrd/Epworth_Sleepiness_Scale_dictionary.csv	ess0107_sitting_after_lunch	data	visit
AMP-PD	Epworth_Sleepiness_Scale.csv	pdrd/Epworth_Sleepiness_Scale_dictionary.csv	ess0108_car_stopped_in_traffic	data	visit
AMP-PD	Epworth_Sleepiness_Scale.csv	pdrd/Epworth_Sleepiness_Scale_dictionary.csv	ess_summary_score	data	visit
AMP-PD	Family_History_PD.csv	pdrd/Family_History_PD_dictionary.csv	participant_id	key	visit
AMP-PD	Family_History_PD.csv	pdrd/Family_History_PD_dictionary.csv	GUID	key	visit
AMP-PD	Family_History_PD.csv	pdrd/Family_History_PD_dictionary.csv	visit_name	key	visit
AMP-PD	Family_History_PD.csv	pdrd/Family_History_PD_dictionary.csv	visit_month	key	visit
AMP-PD	Family_History_PD.csv	pdrd/Family_History_PD_dictionary.csv	biological_mother_with_pd	data	visit
AMP-PD	Family_History_PD.csv	pdrd/Family_History_PD_dictionary.csv	biological_father_with_pd	data	visit
AMP-PD	Family_History_PD.csv	pdrd/Family_History_PD_dictionary.csv	other_relative_with_pd	data	visit
AMP-PD	LBD_Cohort_Clinical_Data.csv	pdrd/LBD_Cohort_Clinical_Data_dictionary.csv	participant_id	key	visit
AMP-PD	LBD_Cohort_Clinical_Data.csv	pdrd/LBD_Cohort_Clinical_Data_dictionary.csv	GUID	key	visit
AMP-PD	LBD_Cohort_Clinical_Data.csv	pdrd/LBD_Cohort_Clinical_Data_dictionary.csv	visit_name	key	visit
AMP-PD	LBD_Cohort_Clinical_Data.csv	pdrd/LBD_Cohort_Clinical_Data_dictionary.csv	visit_month	key	visit
AMP-PD	LBD_Cohort_Clinical_Data.csv	pdrd/LBD_Cohort_Clinical_Data_dictionary.csv	pres_symptom	data	visit
AMP-PD	LBD_Cohort_Clinical_Data.csv	pdrd/LBD_Cohort_Clinical_Data_dictionary.csv	fluc_cogn	data	visit
AMP-PD	LBD_Cohort_Clinical_Data.csv	pdrd/LBD_Cohort_Clinical_Data_dictionary.csv	vis_halluc	data	visit
AMP-PD	LBD_Cohort_Clinical_Data.csv	pdrd/LBD_Cohort_Clinical_Data_dictionary.csv	rbd	data	visit
AMP-PD	LBD_Cohort_Clinical_Data.csv	pdrd/LBD_Cohort_Clinical_Data_dictionary.csv	parkinsonism	data	visit
AMP-PD	LBD_Cohort_Clinical_Data.csv	pdrd/LBD_Cohort_Clinical_Data_dictionary.csv	neurolep_sens	data	visit
AMP-PD	LBD_Cohort_Clinical_Data.csv	pdrd/LBD_Cohort_Clinical_Data_dictionary.csv	psychosis	data	visit
AMP-PD	LBD_Cohort_Clinical_Data.csv	pdrd/LBD_Cohort_Clinical_Data_dictionary.csv	mood_dis	data	visit
AMP-PD	LBD_Cohort_Clinical_Data.csv	pdrd/LBD_Cohort_Clinical_Data_dictionary.csv	auton_dys	data	visit
AMP-PD	LBD_Cohort_Clinical_Data.csv	pdrd/LBD_Cohort_Clinical_Data_dictionary.csv	dat	data	visit
AMP-PD	LBD_Cohort_Clinical_Data.csv	pdrd/LBD_Cohort_Clinical_Data_dictionary.csv	spect_pet_perf	data	visit
AMP-PD	LBD_Cohort_Clinical_Data.csv	pdrd/LBD_Cohort_Clinical_Data_dictionary.csv	exec_dys	data	visit
AMP-PD	LBD_Cohort_Clinical_Data.csv	pdrd/LBD_Cohort_Clinical_Data_dictionary.csv	memory_loss	data	visit
AMP-PD	LBD_Cohort_Clinical_Data.csv	pdrd/LBD_Cohort_Clinical_Data_dictionary.csv	mmse	data	visit
AMP-PD	LBD_Cohort_Clinical_Data.csv	pdrd/LBD_Cohort_Clinical_Data_dictionary.csv	anosmia	data	visit
AMP-PD	LBD_Cohort_Clinical_Data.csv	pdrd/LBD_Cohort_Clinical_Data_dictionary.csv	smell_detail	data	visit
AMP-PD	LBD_Cohort_Clinical_Data.csv	pdrd/LBD_Cohort_Clinical_Data_dictionary.csv	genetic	data	visit
AMP-PD	LBD_Cohort_Path_Data.csv	pdrd/LBD_Cohort_Path_Data_dictionary.csv	participant_id	key	visit
AMP-PD	LBD_Cohort_Path_Data.csv	pdrd/LBD_Cohort_Path_Data_dictionary.csv	GUID	key	visit
AMP-PD	LBD_Cohort_Path_Data.csv	pdrd/LBD_Cohort_Path_Data_dictionary.csv	visit_name	key	visit
AMP-PD	LBD_Cohort_Path_Data.csv	pdrd/LBD_Cohort_Path_Data_dictionary.csv	visit_month	key	visit
AMP-PD	LBD_Cohort_Path_Data.csv	pdrd/LBD_Cohort_Path_Data_dictionary.csv	path_cerad	data	visit
AMP-PD	LBD_Cohort_Path_Data.csv	pdrd/LBD_Cohort_Path_Data_dictionary.csv	path_braak_nft	data	visit
AMP-PD	LBD_Cohort_Path_Data.csv	pdrd/LBD_Cohort_Path_Data_dictionary.csv	path_braak_lb	data	visit
AMP-PD	LBD_Cohort_Path_Data.csv	pdrd/LBD_Cohort_Path_Data_dictionary.csv	path_dlb_prob	data	visit
AMP-PD	MDS_UPDRS_Part_I.csv	pdrd/MDS_UPDRS_Part_I_dictionary.csv	participant_id	key	visit
AMP-PD	MDS_UPDRS_Part_I.csv	pdrd/MDS_UPDRS_Part_I_dictionary.csv	GUID	key	visit
AMP-PD	MDS_UPDRS_Part_I.csv	pdrd/MDS_UPDRS_Part_I_dictionary.csv	visit_name	key	visit
AMP-PD	MDS_UPDRS_Part_I.csv	pdrd/MDS_UPDRS_Part_I_dictionary.csv	visit_month	key	visit
AMP-PD	MDS_UPDRS_Part_I.csv	pdrd/MDS_UPDRS_Part_I_dictionary.csv	mds_updrs_part_i_primary_info_source	data	visit
AMP-PD	MDS_UPDRS_Part_I.csv	pdrd/MDS_UPDRS_Part_I_dictionary.csv	code_upd2101_cognitive_impairment	data	visit
AMP-PD	MDS_UPDRS_Part_I.csv	pdrd/MDS_UPDRS_Part_I_dictionary.csv	code_upd2102_hallucinations_and_psychosis	data	visit
AMP-PD	MDS_UPDRS_Part_I.csv	pdrd/MDS_UPDRS_Part_I_dictionary.csv	code_upd2103_depressed_mood	data	visit
AMP-PD	MDS_UPDRS_Part_I.csv	pdrd/MDS_UPDRS_Part_I_dictionary.csv	code_upd2104_anxious_mood	data	visit
AMP-PD	MDS_UPDRS_Part_I.csv	pdrd/MDS_UPDRS_Part_I_dictionary.csv	code_upd2105_apathy	data	visit
AMP-PD	MDS_UPDRS_Part_I.csv	pdrd/MDS_UPDRS_Part_I_dictionary.csv	code_upd2106_dopamine_dysregulation_syndrome_features	data	visit
AMP-PD	MDS_UPDRS_Part_I.csv	pdrd/MDS_UPDRS_Part_I_dictionary.csv	upd2101_cognitive_impairment	data	visit
AMP-PD	MDS_UPDRS_Part_I.csv	pdrd/MDS_UPDRS_Part_I_dictionary.csv	upd2102_hallucinations_and_psychosis	data	visit
AMP-PD	MDS_UPDRS_Part_I.csv	pdrd/MDS_UPDRS_Part_I_dictionary.csv	upd2103_depressed_mood	data	visit
AMP-PD	MDS_UPDRS_Part_I.csv	pdrd/MDS_UPDRS_Part_I_dictionary.csv	upd2104_anxious_mood	data	visit
AMP-PD	MDS_UPDRS_Part_I.csv	pdrd/MDS_UPDRS_Part_I_dictionary.csv	upd2105_apathy	data	visit
AMP-PD	MDS_UPDRS_Part_I.csv	pdrd/MDS_UPDRS_Part_I_dictionary.csv	upd2106_dopamine_dysregulation_syndrome_features	data	visit
AMP-PD	MDS_UPDRS_Part_I.csv	pdrd/MDS_UPDRS_Part_I_dictionary.csv	mds_updrs_part_i_sub_score	data	visit
AMP-PD	MDS_UPDRS_Part_I.csv	pdrd/MDS_UPDRS_Part_I_dictionary.csv	mds_updrs_part_i_pat_quest_primary_info_source	data	visit
AMP-PD	MDS_UPDRS_Part_I.csv	pdrd/MDS_UPDRS_Part_I_dictionary.csv	code_upd2107_pat_quest_sleep_problems	data	visit
AMP-PD	MDS_UPDRS_Part_I.csv	pdrd/MDS_UPDRS_Part_I_dictionary.csv	code_upd2108_pat_quest_daytime_sleepiness	data	visit
AMP-PD	MDS_UPDRS_Part_I.csv	pdrd/MDS_UPDRS_Part_I_dictionary.csv	code_upd2109_pat_quest_pain_and_other_sensations	data	visit
AMP-PD	MDS_UPDRS_Part_I.csv	pdrd/MDS_UPDRS_Part_I_dictionary.csv	code_upd2110_pat_quest_urinary_problems	data	visit
AMP-PD	MDS_UPDRS_Part_I.csv	pdrd/MDS_UPDRS_Part_I_dictionary.csv	code_upd2111_pat_quest_constipation_problems	data	visit
AMP-PD	MDS_UPDRS_Part_I.csv	pdrd/MDS_UPDRS_Part_I_dictionary.csv	code_upd2112_pat_quest_lightheadedness_on_standing	data	visit
AMP-PD	MDS_UPDRS_Part_I.csv	pdrd/MDS_UPDRS_Part_I_dictionary.csv	code_upd2113_pat_quest_fatigue	data	visit
AMP-PD	MDS_UPDRS_Part_I.csv	pdrd/MDS_UPDRS_Part_I_dictionary.csv	upd2107_pat_quest_sleep_problems	data	visit
AMP-PD	MDS_UPDRS_Part_I.csv	pdrd/MDS_UPDRS_Part_I_dictionary.csv	upd2108_pat_quest_daytime_sleepiness	data	visit
AMP-PD	MDS_UPDRS_Part_I.csv	pdrd/MDS_UPDRS_Part_I_dictionary.csv	upd2109_pat_quest_pain_and_other_sensations	data	visit
AMP-PD	MDS_UPDRS_Part_I.csv	pdrd/MDS_UPDRS_Part_I_dictionary.csv	upd2110_pat_quest_urinary_problems	data	visit
AMP-PD	MDS_UPDRS_Part_I.csv	pdrd/MDS_UPDRS_Part_I_dictionary.csv	upd2111_pat_quest_constipation_problems	data	visit
AMP-PD	MDS_UPDRS_Part_I.csv	pdrd/MDS_UPDRS_Part_I_dictionary.csv	upd2112_pat_quest_lightheadedness_on_standing	data	visit
AMP-PD	MDS_UPDRS_Part_I.csv	pdrd/MDS_UPDRS_Part_I_dictionary.csv	upd2113_pat_quest_fatigue	data	visit
AMP-PD	MDS_UPDRS_Part_I.csv	pdrd/MDS_UPDRS_Part_I_dictionary.csv	mds_updrs_part_i_pat_quest_sub_score	data	visit
AMP-PD	MDS_UPDRS_Part_I.csv	pdrd/MDS_UPDRS_Part_I_dictionary.csv	mds_updrs_part_i_summary_score	data	visit
AMP-PD	MDS_UPDRS_Part_II.csv	pdrd/MDS_UPDRS_Part_II_dictionary.csv	participant_id	key	visit
AMP-PD	MDS_UPDRS_Part_II.csv	pdrd/MDS_UPDRS_Part_II_dictionary.csv	GUID	key	visit
AMP-PD	MDS_UPDRS_Part_II.csv	pdrd/MDS_UPDRS_Part_II_dictionary.csv	visit_name	key	visit
AMP-PD	MDS_UPDRS_Part_II.csv	pdrd/MDS_UPDRS_Part_II_dictionary.csv	visit_month	key	visit
AMP-PD	MDS_UPDRS_Part_II.csv	pdrd/MDS_UPDRS_Part_II_dictionary.csv	mds_updrs_part_ii_primary_info_source	data	visit
AMP-PD	MDS_UPDRS_Part_II.csv	pdrd/MDS_UPDRS_Part_II_dictionary.csv	code_upd2201_speech	data	visit
AMP-PD	MDS_UPDRS_Part_II.csv	pdrd/MDS_UPDRS_Part_II_dictionary.csv	code_upd2202_saliva_and_drooling	data	visit
AMP-PD	MDS_UPDRS_Part_II.csv	pdrd/MDS_UPDRS_Part_II_dictionary.csv	code_upd2203_chewing_and_swallowing	data	visit
AMP-PD	MDS_UPDRS_Part_II.csv	pdrd/MDS_UPDRS_Part_II_dictionary.csv	code_upd2204_eating_tasks	data	visit
AMP-PD	MDS_UPDRS_Part_II.csv	pdrd/MDS_UPDRS_Part_II_dictionary.csv	code_upd2205_dressing	data	visit
AMP-PD	MDS_UPDRS_Part_II.csv	pdrd/MDS_UPDRS_Part_II_dictionary.csv	code_upd2206_hygiene	data	visit
AMP-PD	MDS_UPDRS_Part_II.csv	pdrd/MDS_UPDRS_Part_II_dictionary.csv	code_upd2207_handwriting	data	visit
AMP-PD	MDS_UPDRS_Part_II.csv	pdrd/MDS_UPDRS_Part_II_dictionary.csv	code_upd2208_doing_hobbies_and_other_activities	data	visit
AMP-PD	MDS_UPDRS_Part_II.csv	pdrd/MDS_UPDRS_Part_II_dictionary.csv	code_upd2209_turning_in_bed	data	visit
AMP-PD	MDS_UPDRS_Part_II.csv	pdrd/MDS_UPDRS_Part_II_dictionary.csv	code_upd2210_tremor	data	visit
AMP-PD	MDS_UPDRS_Part_II.csv	pdrd/MDS_UPDRS_Part_II_dictionary.csv	code_upd2211_get_out_of_bed_car_or_deep_chair	data	visit
AMP-PD	MDS_UPDRS_Part_II.csv	pdrd/MDS_UPDRS_Part_II_dictionary.csv	code_upd2212_walking_and_balance	data	visit
AMP-PD	MDS_UPDRS_Part_II.csv	pdrd/MDS_UPDRS_Part_II_dictionary.csv	code_upd2213_freezing	data	visit
AMP-PD	MDS_UPDRS_Part_II.csv	pdrd/MDS_UPDRS_Part_II_dictionary.csv	upd2201_speech	data	visit
AMP-PD	MDS_UPDRS_Part_II.csv	pdrd/MDS_UPDRS_Part_II_dictionary.csv	upd2202_saliva_and_drooling	data	visit
AMP-PD	MDS_UPDRS_Part_II.csv	pdrd/MDS_UPDRS_Part_II_dictionary.csv	upd2203_chewing_and_swallowing	data	visit
AMP-PD	MDS_UPDRS_Part_II.csv	pdrd/MDS_UPDRS_Part_II_dictionary.csv	upd2204_eating_tasks	data	visit
AMP-PD	MDS_UPDRS_Part_II.csv	pdrd/MDS_UPDRS_Part_II_dictionary.csv	upd2205_dressing	data	visit
AMP-PD	MDS_UPDRS_Part_II.csv	pdrd/MDS_UPDRS_Part_II_dictionary.csv	upd2206_hygiene	data	visit
AMP-PD	MDS_UPDRS_Part_II.csv	pdrd/MDS_UPDRS_Part_II_dictionary.csv	upd2207_handwriting	data	visit
AMP-PD	MDS_UPDRS_Part_II.csv	pdrd/MDS_UPDRS_Part_II_dictionary.csv	upd2208_doing_hobbies_and_other_activities	data	visit
AMP-PD	MDS_UPDRS_Part_II.csv	pdrd/MDS_UPDRS_Part_II_dictionary.csv	upd2209_turning_in_bed	data	visit
AMP-PD	MDS_UPDRS_Part_II.csv	pdrd/MDS_UPDRS_Part_II_dictionary.csv	upd2210_tremor	data	visit
AMP-PD	MDS_UPDRS_Part_II.csv	pdrd/MDS_UPDRS_Part_II_dictionary.csv	upd2211_get_out_of_bed_car_or_deep_chair	data	visit
AMP-PD	MDS_UPDRS_Part_II.csv	pdrd/MDS_UPDRS_Part_II_dictionary.csv	upd2212_walking_and_balance	data	visit
AMP-PD	MDS_UPDRS_Part_II.csv	pdrd/MDS_UPDRS_Part_II_dictionary.csv	upd2213_freezing	data	visit
AMP-PD	MDS_UPDRS_Part_II.csv	pdrd/MDS_UPDRS_Part_II_dictionary.csv	mds_updrs_part_ii_summary_score	data	visit
AMP-PD	MDS_UPDRS_Part_III.csv	pdrd/MDS_UPDRS_Part_III_dictionary.csv	participant_id	key	visit
AMP-PD	MDS_UPDRS_Part_III.csv	pdrd/MDS_UPDRS_Part_III_dictionary.csv	GUID	key	visit
AMP-PD	MDS_UPDRS_Part_III.csv	pdrd/MDS_UPDRS_Part_III_dictionary.csv	visit_name	key	visit
AMP-PD	MDS_UPDRS_Part_III.csv	pdrd/MDS_UPDRS_Part_III_dictionary.csv	visit_month	key	visit
AMP-PD	MDS_UPDRS_Part_III.csv	pdrd/MDS_UPDRS_Part_III_dictionary.csv	code_upd2301_speech_problems	data	visit
AMP-PD	MDS_UPDRS_Part_III.csv	pdrd/MDS_UPDRS_Part_III_dictionary.csv	code_upd2302_facial_expression	data	visit
AMP-PD	MDS_UPDRS_Part_III.csv	pdrd/MDS_UPDRS_Part_III_dictionary.csv	code_upd2303a_rigidity_neck	data	visit
AMP-PD	MDS_UPDRS_Part_III.csv	pdrd/MDS_UPDRS_Part_III_dictionary.csv	code_upd2303b_rigidity_rt_upper_extremity	data	visit
AMP-PD	MDS_UPDRS_Part_III.csv	pdrd/MDS_UPDRS_Part_III_dictionary.csv	code_upd2303c_rigidity_left_upper_extremity	data	visit
AMP-PD	MDS_UPDRS_Part_III.csv	pdrd/MDS_UPDRS_Part_III_dictionary.csv	code_upd2303d_rigidity_rt_lower_extremity	data	visit
AMP-PD	MDS_UPDRS_Part_III.csv	pdrd/MDS_UPDRS_Part_III_dictionary.csv	code_upd2303e_rigidity_left_lower_extremity	data	visit
AMP-PD	MDS_UPDRS_Part_III.csv	pdrd/MDS_UPDRS_Part_III_dictionary.csv	code_upd2304a_right_finger_tapping	data	visit
AMP-PD	MDS_UPDRS_Part_III.csv	pdrd/MDS_UPDRS_Part_III_dictionary.csv	code_upd2304b_left_finger_tapping	data	visit
AMP-PD	MDS_UPDRS_Part_III.csv	pdrd/MDS_UPDRS_Part_III_dictionary.csv	code_upd2305a_right_hand_movements	data	visit
AMP-PD	MDS_UPDRS_Part_III.csv	pdrd/MDS_UPDRS_Part_III_dictionary.csv	code_upd2305b_left_hand_movements	data	visit
AMP-PD	MDS_UPDRS_Part_III.csv	pdrd/MDS_UPDRS_Part_III_dictionary.csv	code_upd2306a_pron_sup_movement_right_hand	data	visit
AMP-PD	MDS_UPDRS_Part_III.csv	pdrd/MDS_UPDRS_Part_III_dictionary.csv	code_upd2306b_pron_sup_movement_left_hand	data	visit
AMP-PD	MDS_UPDRS_Part_III.csv	pdrd/MDS_UPDRS_Part_III_dictionary.csv	code_upd2307a_right_toe_tapping	data	visit
AMP-PD	MDS_UPDRS_Part_III.csv	pdrd/MDS_UPDRS_Part_III_dictionary.csv	code_upd2307b_left_toe_tapping	data	visit
AMP-PD	MDS_UPDRS_Part_III.csv	pdrd/MDS_UPDRS_Part_III_dictionary.csv	code_upd2308a_right_leg_agility	data	visit
AMP-PD	MDS_UPDRS_Part_III.csv	pdrd/MDS_UPDRS_Part_III_dictionary.csv	code_upd2308b_left_leg_agility	data	visit
AMP-PD	MDS_UPDRS_Part_III.csv	pdrd/MDS_UPDRS_Part_III_dictionary.csv	code_upd2309_arising_from_chair	data	visit
AMP-PD	MDS_UPDRS_Part_III.csv	pdrd/MDS_UPDRS_Part_III_dictionary.csv	code_upd2310_gait	data	visit
AMP-PD	MDS_UPDRS_Part_III.csv	pdrd/MDS_UPDRS_Part_III_dictionary.csv	code_upd2311_freezing_of_gait	data	visit
AMP-PD	MDS_UPDRS_Part_III.csv	pdrd/MDS_UPDRS_Part_III_dictionary.csv	code_upd2312_postural_stability	data	visit
AMP-PD	MDS_UPDRS_Part_III.csv	pdrd/MDS_UPDRS_Part_III_dictionary.csv	code_upd2313_posture	data	visit
AMP-PD	MDS_UPDRS_Part_III.csv	pdrd/MDS_UPDRS_Part_III_dictionary.csv	code_upd2314_body_bradykinesia	data	visit
AMP-PD	MDS_UPDRS_Part_III.csv	pdrd/MDS_UPDRS_Part_III_dictionary.csv	code_upd2315a_postural_tremor_of_right_hand	data	visit
AMP-PD	MDS_UPDRS_Part_III.csv	pdrd/MDS_UPDRS_Part_III_dictionary.csv	code_upd2315b_postural_tremor_of_left_hand	data	visit
AMP-PD	MDS_UPDRS_Part_III.csv	pdrd/MDS_UPDRS_Part_III_dictionary.csv	code_upd2316a_kinetic_tremor_of_right_hand	data	visit
AMP-PD	MDS_UPDRS_Part_III.csv	pdrd/MDS_UPDRS_Part_III_dictionary.csv	code_upd2316b_kinetic_tremor_of_left_hand	data	visit
AMP-PD	MDS_UPDRS_Part_III.csv	pdrd/MDS_UPDRS_Part_III_dictionary.csv	code_upd2317a_rest_tremor_amplitude_right_upper_extremity	data	visit
AMP-PD	MDS_UPDRS_Part_III.csv	pdrd/MDS_UPDRS_Part_III_dictionary.csv	code_upd2317b_rest_tremor_amplitude_left_upper_extremity	data	visit
AMP-PD	MDS_UPDRS_Part_III.csv	pdrd/MDS_UPDRS_Part_III_dictionary.csv	code_upd2317c_rest_tremor_amplitude_right_lower_extremity	data	visit
AMP-PD	MDS_UPDRS_Part_III.csv	pdrd/MDS_UPDRS_Part_III_dictionary.csv	code_upd2317d_rest_tremor_amplitude_left_lower_extremity	data	visit
AMP-PD	MDS_UPDRS_Part_III.csv	pdrd/MDS_UPDRS_Part_III_dictionary.csv	code_upd2317e_rest_tremor_amplitude_lip_or_jaw	data	visit
AMP-PD	MDS_UPDRS_Part_III.csv	pdrd/MDS_UPDRS_Part_III_dictionary.csv	code_upd2318_consistency_of_rest_tremor	data	visit
AMP-PD	MDS_UPDRS_Part_III.csv	pdrd/MDS_UPDRS_Part_III_dictionary.csv	upd2301_speech_problems	data	visit
AMP-PD	MDS_UPDRS_Part_III.csv	pdrd/MDS_UPDRS_Part_III_dictionary.csv	upd2302_facial_expression	data	visit
AMP-PD	MDS_UPDRS_Part_III.csv	pdrd/MDS_UPDRS_Part_III_dictionary.csv	upd2303a_rigidity_neck	data	visit
AMP-PD	MDS_UPDRS_Part_III.csv	pdrd/MDS_UPDRS_Part_III_dictionary.csv	upd2303b_rigidity_rt_upper_extremity	data	visit
AMP-PD	MDS_UPDRS_Part_III.csv	pdrd/MDS_UPDRS_Part_III_dictionary.csv	upd2303c_rigidity_left_upper_extremity	data	visit
AMP-PD	MDS_UPDRS_Part_III.csv	pdrd/MDS_UPDRS_Part_III_dictionary.csv	upd2303d_rigidity_rt_lower_extremity	data	visit
AMP-PD	MDS_UPDRS_Part_III.csv	pdrd/MDS_UPDRS_Part_III_dictionary.csv	upd2303e_rigidity_left_lower_extremity	data	visit
AMP-PD	MDS_UPDRS_Part_III.csv	pdrd/MDS_UPDRS_Part_III_dictionary.csv	upd2304a_right_finger_tapping	data	visit
AMP-PD	MDS_UPDRS_Part_III.csv	pdrd/MDS_UPDRS_Part_III_dictionary.csv	upd2304b_left_finger_tapping	data	visit
AMP-PD	MDS_UPDRS_Part_III.csv	pdrd/MDS_UPDRS_Part_III_dictionary.csv	upd2305a_right_hand_movements	data	visit
AMP-PD	MDS_UPDRS_Part_III.csv	pdrd/MDS_UPDRS_Part_III_dictionary.csv	upd2305b_left_hand_movements	data	visit
AMP-PD	MDS_UPDRS_Part_III.csv	pdrd/MDS_UPDRS_Part_III_dictionary.csv	upd2306a_pron_sup_movement_right_hand	data	visit
AMP-PD	MDS_UPDRS_Part_III.csv	pdrd/MDS_UPDRS_Part_III_dictionary.csv	upd2306b_pron_sup_movement_left_hand	data	visit
AMP-PD	MDS_UPDRS_Part_III.csv	pdrd/MDS_UPDRS_Part_III_dictionary.csv	upd2307a_right_toe_tapping	data	visit
AMP-PD	MDS_UPDRS_Part_III.csv	pdrd/MDS_UPDRS_Part_III_dictionary.csv	upd2307b_left_toe_tapping	data	visit
AMP-PD	MDS_UPDRS_Part_III.csv	pdrd/MDS_UPDRS_Part_III_dictionary.csv	upd2308a_right_leg_agility	data	visit
AMP-PD	MDS_UPDRS_Part_III.csv	pdrd/MDS_UPDRS_Part_III_dictionary.csv	upd2308b_left_leg_agility	data	visit
AMP-PD	MDS_UPDRS_Part_III.csv	pdrd/MDS_UPDRS_Part_III_dictionary.csv	upd2309_arising_from_chair	data	visit
AMP-PD	MDS_UPDRS_Part_III.csv	pdrd/MDS_UPDRS_Part_III_dictionary.csv	upd2310_gait	data	visit
AMP-PD	MDS_UPDRS_Part_III.csv	pdrd/MDS_UPDRS_Part_III_dictionary.csv	upd2311_freezing_of_gait	data	visit
AMP-PD	MDS_UPDRS_Part_III.csv	pdrd/MDS_UPDRS_Part_III_dictionary.csv	upd2312_postural_stability	data	visit
AMP-PD	MDS_UPDRS_Part_III.csv	pdrd/MDS_UPDRS_Part_III_dictionary.csv	upd2313_posture	data	visit
AMP-PD	MDS_UPDRS_Part_III.csv	pdrd/MDS_UPDRS_Part_III_dictionary.csv	upd2314_body_bradykinesia	data	visit
AMP-PD	MDS_UPDRS_Part_III.csv	pdrd/MDS_UPDRS_Part_III_dictionary.csv	upd2315a_postural_tremor_of_right_hand	data	visit
AMP-PD	MDS_UPDRS_Part_III.csv	pdrd/MDS_UPDRS_Part_III_dictionary.csv	upd2315b_postural_tremor_of_left_hand	data	visit
AMP-PD	MDS_UPDRS_Part_III.csv	pdrd/MDS_UPDRS_Part_III_dictionary.csv	upd2316a_kinetic_tremor_of_right_hand	data	visit
AMP-PD	MDS_UPDRS_Part_III.csv	pdrd/MDS_UPDRS_Part_III_dictionary.csv	upd2316b_kinetic_tremor_of_left_hand	data	visit
AMP-PD	MDS_UPDRS_Part_III.csv	pdrd/MDS_UPDRS_Part_III_dictionary.csv	upd2317a_rest_tremor_amplitude_right_upper_extremity	data	visit
AMP-PD	MDS_UPDRS_Part_III.csv	pdrd/MDS_UPDRS_Part_III_dictionary.csv	upd2317b_rest_tremor_amplitude_left_upper_extremity	data	visit
AMP-PD	MDS_UPDRS_Part_III.csv	pdrd/MDS_UPDRS_Part_III_dictionary.csv	upd2317c_rest_tremor_amplitude_right_lower_extremity	data	visit
AMP-PD	MDS_UPDRS_Part_III.csv	pdrd/MDS_UPDRS_Part_III_dictionary.csv	upd2317d_rest_tremor_amplitude_left_lower_extremity	data	visit
AMP-PD	MDS_UPDRS_Part_III.csv	pdrd/MDS_UPDRS_Part_III_dictionary.csv	upd2317e_rest_tremor_amplitude_lip_or_jaw	data	visit
AMP-PD	MDS_UPDRS_Part_III.csv	pdrd/MDS_UPDRS_Part_III_dictionary.csv	upd2318_consistency_of_rest_tremor	data	visit
AMP-PD	MDS_UPDRS_Part_III.csv	pdrd/MDS_UPDRS_Part_III_dictionary.csv	upd2da_dyskinesias_during_exam	data	visit
AMP-PD	MDS_UPDRS_Part_III.csv	pdrd/MDS_UPDRS_Part_III_dictionary.csv	upd2db_movements_interfere_with_ratings	data	visit
AMP-PD	MDS_UPDRS_Part_III.csv	pdrd/MDS_UPDRS_Part_III_dictionary.csv	code_upd2hy_hoehn_and_yahr_stage	data	visit
AMP-PD	MDS_UPDRS_Part_III.csv	pdrd/MDS_UPDRS_Part_III_dictionary.csv	upd2hy_hoehn_and_yahr_stage	data	visit
AMP-PD	MDS_UPDRS_Part_III.csv	pdrd/MDS_UPDRS_Part_III_dictionary.csv	upd23a_medication_for_pd	data	visit
AMP-PD	MDS_UPDRS_Part_III.csv	pdrd/MDS_UPDRS_Part_III_dictionary.csv	upd23b_clinical_state_on_medication	data	visit
AMP-PD	MDS_UPDRS_Part_III.csv	pdrd/MDS_UPDRS_Part_III_dictionary.csv	mds_updrs_part_iii_summary_score	data	visit
AMP-PD	MDS_UPDRS_Part_IV.csv	pdrd/MDS_UPDRS_Part_IV_dictionary.csv	participant_id	key	visit
AMP-PD	MDS_UPDRS_Part_IV.csv	pdrd/MDS_UPDRS_Part_IV_dictionary.csv	GUID	key	visit
AMP-PD	MDS_UPDRS_Part_IV.csv	pdrd/MDS_UPDRS_Part_IV_dictionary.csv	visit_name	key	visit
AMP-PD	MDS_UPDRS_Part_IV.csv	pdrd/MDS_UPDRS_Part_IV_dictionary.csv	visit_month	key	visit
AMP-PD	MDS_UPDRS_Part_IV.csv	pdrd/MDS_UPDRS_Part_IV_dictionary.csv	code_upd2401_time_spent_with_dyskinesias	data	visit
AMP-PD	MDS_UPDRS_Part_IV.csv	pdrd/MDS_UPDRS_Part_IV_dictionary.csv	code_upd2402_functional_impact_of_dyskinesias	data	visit
AMP-PD	MDS_UPDRS_Part_IV.csv	pdrd/MDS_UPDRS_Part_IV_dictionary.csv	code_upd2403_time_spent_in_the_off_state	data	visit
AMP-PD	MDS_UPDRS_Part_IV.csv	pdrd/MDS_UPDRS_Part_IV_dictionary.csv	code_upd2404_functional_impact_of_fluctuations	data	visit
AMP-PD	MDS_UPDRS_Part_IV.csv	pdrd/MDS_UPDRS_Part_IV_dictionary.csv	code_upd2405_complexity_of_motor_fluctuations	data	visit
AMP-PD	MDS_UPDRS_Part_IV.csv	pdrd/MDS_UPDRS_Part_IV_dictionary.csv	code_upd2406_painful_off_state_dystonia	data	visit
AMP-PD	MDS_UPDRS_Part_IV.csv	pdrd/MDS_UPDRS_Part_IV_dictionary.csv	upd2401_time_spent_with_dyskinesias	data	visit
AMP-PD	MDS_UPDRS_Part_IV.csv	pdrd/MDS_UPDRS_Part_IV_dictionary.csv	upd2402_functional_impact_of_dyskinesias	data	visit
AMP-PD	MDS_UPDRS_Part_IV.csv	pdrd/MDS_UPDRS_Part_IV_dictionary.csv	upd2403_time_spent_in_the_off_state	data	visit
AMP-PD	MDS_UPDRS_Part_IV.csv	pdrd/MDS_UPDRS_Part_IV_dictionary.csv	upd2404_functional_impact_of_fluctuations	data	visit
AMP-PD	MDS_UPDRS_Part_IV.csv	pdrd/MDS_UPDRS_Part_IV_dictionary.csv	upd2405_complexity_of_motor_fluctuations	data	visit
AMP-PD	MDS_UPDRS_Part_IV.csv	pdrd/MDS_UPDRS_Part_IV_dictionary.csv	upd2406_painful_off_state_dystonia	data	visit
AMP-PD	MDS_UPDRS_Part_IV.csv	pdrd/MDS_UPDRS_Part_IV_dictionary.csv	mds_updrs_part_iv_summary_score	data	visit
AMP-PD	MMSE.csv	pdrd/MMSE_dictionary.csv	participant_id	key	visit
AMP-PD	MMSE.csv	pdrd/MMSE_dictionary.csv	GUID	key	visit
AMP-PD	MMSE.csv	pdrd/MMSE_dictionary.csv	visit_name	key	visit
AMP-PD	MMSE.csv	pdrd/MMSE_dictionary.csv	visit_month	key	visit
AMP-PD	MMSE.csv	pdrd/MMSE_dictionary.csv	code_mms101a_year	data	visit
AMP-PD	MMSE.csv	pdrd/MMSE_dictionary.csv	code_mms101b_season	data	visit
AMP-PD	MMSE.csv	pdrd/MMSE_dictionary.csv	code_mms101c_month	data	visit
AMP-PD	MMSE.csv	pdrd/MMSE_dictionary.csv	code_mms101d_day	data	visit
AMP-PD	MMSE.csv	pdrd/MMSE_dictionary.csv	code_mms101e_date	data	visit
AMP-PD	MMSE.csv	pdrd/MMSE_dictionary.csv	code_mms102a_state	data	visit
AMP-PD	MMSE.csv	pdrd/MMSE_dictionary.csv	code_mms102b_county	data	visit
AMP-PD	MMSE.csv	pdrd/MMSE_dictionary.csv	code_mms102c_city	data	visit
AMP-PD	MMSE.csv	pdrd/MMSE_dictionary.csv	code_mms102d_address	data	visit
AMP-PD	MMSE.csv	pdrd/MMSE_dictionary.csv	code_mms102e_floor	data	visit
AMP-PD	MMSE.csv	pdrd/MMSE_dictionary.csv	mms103_repeat_objects_score	data	visit
AMP-PD	MMSE.csv	pdrd/MMSE_dictionary.csv	mms104_attention_calculat_score	data	visit
AMP-PD	MMSE.csv	pdrd/MMSE_dictionary.csv	mms105_recall_score	data	visit
AMP-PD	MMSE.csv	pdrd/MMSE_dictionary.csv	mms106_naming_object_score	data	visit
AMP-PD	MMSE.csv	pdrd/MMSE_dictionary.csv	mms107_repeat_phrase_score	data	visit
AMP-PD	MMSE.csv	pdrd/MMSE_dictionary.csv	mms108b_fold_in_half_score	data	visit
AMP-PD	MMSE.csv	pdrd/MMSE_dictionary.csv	mms109_close_eyes_score	data	visit
AMP-PD	MMSE.csv	pdrd/MMSE_dictionary.csv	mms110_sentence_score	data	visit
AMP-PD	MMSE.csv	pdrd/MMSE_dictionary.csv	mms111_copy_design_score	data	visit
AMP-PD	MMSE.csv	pdrd/MMSE_dictionary.csv	mms101a_year	data	visit
AMP-PD	MMSE.csv	pdrd/MMSE_dictionary.csv	mms101b_season	data	visit
AMP-PD	MMSE.csv	pdrd/MMSE_dictionary.csv	mms101c_month	data	visit
AMP-PD	MMSE.csv	pdrd/MMSE_dictionary.csv	mms101d_day	data	visit
AMP-PD	MMSE.csv	pdrd/MMSE_dictionary.csv	mms101e_date	data	visit
AMP-PD	MMSE.csv	pdrd/MMSE_dictionary.csv	mms102a_state	data	visit
AMP-PD	MMSE.csv	pdrd/MMSE_dictionary.csv	mms102b_county	data	visit
AMP-PD	MMSE.csv	pdrd/MMSE_dictionary.csv	mms102c_city	data	visit
AMP-PD	MMSE.csv	pdrd/MMSE_dictionary.csv	mms102d_address	data	visit
AMP-PD	MMSE.csv	pdrd/MMSE_dictionary.csv	mms102e_floor	data	visit
AMP-PD	MMSE.csv	pdrd/MMSE_dictionary.csv	mms112_total_score	data	visit
AMP-PD	MOCA.csv	pdrd/MOCA_dictionary.csv	participant_id	key	visit
AMP-PD	MOCA.csv	pdrd/MOCA_dictionary.csv	GUID	key	visit
AMP-PD	MOCA.csv	pdrd/MOCA_dictionary.csv	visit_name	key	visit
AMP-PD	MOCA.csv	pdrd/MOCA_dictionary.csv	visit_month	key	visit
AMP-PD	MOCA.csv	pdrd/MOCA_dictionary.csv	moca01_alternating_trail_making	data	visit
AMP-PD	MOCA.csv	pdrd/MOCA_dictionary.csv	moca02_visuoconstr_skills_cube	data	visit
AMP-PD	MOCA.csv	pdrd/MOCA_dictionary.csv	moca03_visuoconstr_skills_clock_cont	data	visit
AMP-PD	MOCA.csv	pdrd/MOCA_dictionary.csv	moca04_visuoconstr_skills_clock_num	data	visit
AMP-PD	MOCA.csv	pdrd/MOCA_dictionary.csv	moca05_visuoconstr_skills_clock_hands	data	visit
AMP-PD	MOCA.csv	pdrd/MOCA_dictionary.csv	moca_visuospatial_executive_subscore	data	visit
AMP-PD	MOCA.csv	pdrd/MOCA_dictionary.csv	moca06_naming_lion	data	visit
AMP-PD	MOCA.csv	pdrd/MOCA_dictionary.csv	moca07_naming_rhino	data	visit
AMP-PD	MOCA.csv	pdrd/MOCA_dictionary.csv	moca08_naming_camel	data	visit
AMP-PD	MOCA.csv	pdrd/MOCA_dictionary.csv	moca_naming_subscore	data	visit
AMP-PD	MOCA.csv	pdrd/MOCA_dictionary.csv	moca09_attention_forward_digit_span	data	visit
AMP-PD	MOCA.csv	pdrd/MOCA_dictionary.csv	moca10_attention_backward_digit_span	data	visit
AMP-PD	MOCA.csv	pdrd/MOCA_dictionary.csv	moca_attention_digits_subscore	data	visit
AMP-PD	MOCA.csv	pdrd/MOCA_dictionary.csv	moca11_attention_vigilance	data	visit
AMP-PD	MOCA.csv	pdrd/MOCA_dictionary.csv	moca12_attention_serial_7s	data	visit
AMP-PD	MOCA.csv	pdrd/MOCA_dictionary.csv	moca13_sentence_repetition	data	visit
AMP-PD	MOCA.csv	pdrd/MOCA_dictionary.csv	moca14_verbal_fluency_number_of_words	data	visit
AMP-PD	MOCA.csv	pdrd/MOCA_dictionary.csv	moca15_verbal_fluency	data	visit
AMP-PD	MOCA.csv	pdrd/MOCA_dictionary.csv	moca_language_subscore	data	visit
AMP-PD	MOCA.csv	pdrd/MOCA_dictionary.csv	moca16_abstraction	data	visit
AMP-PD	MOCA.csv	pdrd/MOCA_dictionary.csv	moca_abstraction_subscore	data	visit
AMP-PD	MOCA.csv	pdrd/MOCA_dictionary.csv	moca17_delayed_recall_face	data	visit
AMP-PD	MOCA.csv	pdrd/MOCA_dictionary.csv	moca18_delayed_recall_velvet	data	visit
AMP-PD	MOCA.csv	pdrd/MOCA_dictionary.csv	moca19_delayed_recall_church	data	visit
AMP-PD	MOCA.csv	pdrd/MOCA_dictionary.csv	moca20_delayed_recall_daisy	data	visit
AMP-PD	MOCA.csv	pdrd/MOCA_dictionary.csv	moca21_delayed_recall_red	data	visit
AMP-PD	MOCA.csv	pdrd/MOCA_dictionary.csv	moca_delayed_recall_subscore	data	visit
AMP-PD	MOCA.csv	pdrd/MOCA_dictionary.csv	moca_delayed_recall_subscore_optnl_cat_cue	data	visit
AMP-PD	MOCA.csv	pdrd/MOCA_dictionary.csv	moca_delayed_recall_subscore_optnl_mult_choice	data	visit
AMP-PD	MOCA.csv	pdrd/MOCA_dictionary.csv	moca22_orientation_date_score	data	visit
AMP-PD	MOCA.csv	pdrd/MOCA_dictionary.csv	moca23_orientation_month_score	data	visit
AMP-PD	MOCA.csv	pdrd/MOCA_dictionary.csv	moca24_orientation_year_score	data	visit
AMP-PD	MOCA.csv	pdrd/MOCA_dictionary.csv	moca25_orientation_day_score	data	visit
AMP-PD	MOCA.csv	pdrd/MOCA_dictionary.csv	moca26_orientation_place_score	data	visit
AMP-PD	MOCA.csv	pdrd/MOCA_dictionary.csv	moca27_orientation_city_score	data	visit
AMP-PD	MOCA.csv	pdrd/MOCA_dictionary.csv	moca_orientation_subscore	data	visit
AMP-PD	MOCA.csv	pdrd/MOCA_dictionary.csv	code_education_12years_complete	data	visit
AMP-PD	MOCA.csv	pdrd/MOCA_dictionary.csv	education_12years_complete	data	visit
AMP-PD	MOCA.csv	pdrd/MOCA_dictionary.csv	moca_total_score	data	visit
AMP-PD	MRI.csv	pdrd/MRI_dictionary.csv	participant_id	key	visit
AMP-PD	MRI.csv	pdrd/MRI_dictionary.csv	GUID	key	visit
AMP-PD	MRI.csv	pdrd/MRI_dictionary.csv	visit_name	key	visit
AMP-PD	MRI.csv	pdrd/MRI_dictionary.csv	visit_month	key	visit
AMP-PD	MRI.csv	pdrd/MRI_dictionary.csv	mri_results	data	visit
AMP-PD	Modified_Schwab_&_England_ADL.csv	pdrd/Modified_Schwab___England_ADL_dictionary.csv	participant_id	key	visit
AMP-PD	Modified_Schwab_&_England_ADL.csv	pdrd/Modified_Schwab___England_ADL_dictionary.csv	GUID	key	visit
AMP-PD	Modified_Schwab_&_England_ADL.csv	pdrd/Modified_Schwab___England_ADL_dictionary.csv	visit_name	key	visit
AMP-PD	Modified_Schwab_&_England_ADL.csv	pdrd/Modified_Schwab___England_ADL_dictionary.csv	visit_month	key	visit
AMP-PD	Modified_Schwab_&_England_ADL.csv	pdrd/Modified_Schwab___England_ADL_dictionary.csv	mod_schwab_england_pct_adl_score	data	visit
AMP-PD	PDQ_39.csv	pdrd/PDQ_39_dictionary.csv	participant_id	key	visit
AMP-PD	PDQ_39.csv	pdrd/PDQ_39_dictionary.csv	GUID	key	visit
AMP-PD	PDQ_39.csv	pdrd/PDQ_39_dictionary.csv	visit_name	key	visit
AMP-PD	PDQ_39.csv	pdrd/PDQ_39_dictionary.csv	visit_month	key	visit
AMP-PD	PDQ_39.csv	pdrd/PDQ_39_dictionary.csv	pdq39_01_doing_leisure_activity	data	visit
AMP-PD	PDQ_39.csv	pdrd/PDQ_39_dictionary.csv	pdq39_02_looking_after_home	data	visit
AMP-PD	PDQ_39.csv	pdrd/PDQ_39_dictionary.csv	pdq39_03_carrying_shopping_bags	data	visit
AMP-PD	PDQ_39.csv	pdrd/PDQ_39_dictionary.csv	pdq39_04_walking_half_mile	data	visit
AMP-PD	PDQ_39.csv	pdrd/PDQ_39_dictionary.csv	pdq39_05_walking_100_yards	data	visit
AMP-PD	PDQ_39.csv	pdrd/PDQ_39_dictionary.csv	pdq39_06_getting_around_house	data	visit
AMP-PD	PDQ_39.csv	pdrd/PDQ_39_dictionary.csv	pdq39_07_getting_around_in_public	data	visit
AMP-PD	PDQ_39.csv	pdrd/PDQ_39_dictionary.csv	pdq39_08_need_someone_to_accompany	data	visit
AMP-PD	PDQ_39.csv	pdrd/PDQ_39_dictionary.csv	pdq39_09_worried_about_falling	data	visit
AMP-PD	PDQ_39.csv	pdrd/PDQ_39_dictionary.csv	pdq39_10_confined_to_house	data	visit
AMP-PD	PDQ_39.csv	pdrd/PDQ_39_dictionary.csv	pdq39_11_showering	data	visit
AMP-PD	PDQ_39.csv	pdrd/PDQ_39_dictionary.csv	pdq39_12_dressing	data	visit
AMP-PD	PDQ_39.csv	pdrd/PDQ_39_dictionary.csv	pdq39_13_buttons_and_shoelaces	data	visit
AMP-PD	PDQ_39.csv	pdrd/PDQ_39_dictionary.csv	pdq39_14_writing	data	visit
AMP-PD	PDQ_39.csv	pdrd/PDQ_39_dictionary.csv	pdq39_15_cutting_food	data	visit
AMP-PD	PDQ_39.csv	pdrd/PDQ_39_dictionary.csv	pdq39_16_spill_drink	data	visit
AMP-PD	PDQ_39.csv	pdrd/PDQ_39_dictionary.csv	pdq39_17_depressed	data	visit
AMP-PD	PDQ_39.csv	pdrd/PDQ_39_dictionary.csv	pdq39_18_lonely	data	visit
AMP-PD	PDQ_39.csv	pdrd/PDQ_39_dictionary.csv	pdq39_19_weepy	data	visit
AMP-PD	PDQ_39.csv	pdrd/PDQ_39_dictionary.csv	pdq39_20_angry	data	visit
AMP-PD	PDQ_39.csv	pdrd/PDQ_39_dictionary.csv	pdq39_21_anxious	data	visit
AMP-PD	PDQ_39.csv	pdrd/PDQ_39_dictionary.csv	pdq39_22_worried_about_future	data	visit
AMP-PD	PDQ_39.csv	pdrd/PDQ_39_dictionary.csv	pdq39_23_hide_pd_from_people	data	visit
AMP-PD	PDQ_39.csv	pdrd/PDQ_39_dictionary.csv	pdq39_24_avoid_eat_drink_in_public	data	visit
AMP-PD	PDQ_39.csv	pdrd/PDQ_39_dictionary.csv	pdq39_25_embarassed_in_public	data	visit
AMP-PD	PDQ_39.csv	pdrd/PDQ_39_dictionary.csv	pdq39_26_worried_about_reactions	data	visit
AMP-PD	PDQ_39.csv	pdrd/PDQ_39_dictionary.csv	pdq39_27_close_personal_relations	data	visit
AMP-PD	PDQ_39.csv	pdrd/PDQ_39_dictionary.csv	pdq39_28_support_from_spouse	data	visit
AMP-PD	PDQ_39.csv	pdrd/PDQ_39_dictionary.csv	pdq39_29_support_from_family	data	visit
AMP-PD	PDQ_39.csv	pdrd/PDQ_39_dictionary.csv	pdq39_30_sleep_in_day	data	visit
AMP-PD	PDQ_39.csv	pdrd/PDQ_39_dictionary.csv	pdq39_31_problem_with_concentration	data	visit
AMP-PD	PDQ_39.csv	pdrd/PDQ_39_dictionary.csv	pdq39_32_memory_is_failing	data	visit
AMP-PD	PDQ_39.csv	pdrd/PDQ_39_dictionary.csv	pdq39_33_hallucinations	data	visit
AMP-PD	PDQ_39.csv	pdrd/PDQ_39_dictionary.csv	pdq39_34_speaking	data	visit
AMP-PD	PDQ_39.csv	pdrd/PDQ_39_dictionary.csv	pdq39_35_unable_to_communicate	data	visit
AMP-PD	PDQ_39.csv	pdrd/PDQ_39_dictionary.csv	pdq39_36_felt_ignored	data	visit
AMP-PD	PDQ_39.csv	pdrd/PDQ_39_dictionary.csv	pdq39_37_muscle_cramps	data	visit
AMP-PD	PDQ_39.csv	pdrd/PDQ_39_dictionary.csv	pdq39_38_joint_pains	data	visit
AMP-PD	PDQ_39.csv	pdrd/PDQ_39_dictionary.csv	pdq39_39_hot_or_cold	data	visit
AMP-PD	PDQ_39.csv	pdrd/PDQ_39_dictionary.csv	pdq39_mobility_score	data	visit
AMP-PD	PDQ_39.csv	pdrd/PDQ_39_dictionary.csv	pdq39_adl_score	data	visit
AMP-PD	PDQ_39.csv	pdrd/PDQ_39_dictionary.csv	pdq39_emotional_score	data	visit
AMP-PD	PDQ_39.csv	pdrd/PDQ_39_dictionary.csv	pdq39_stigma_score	data	visit
AMP-PD	PDQ_39.csv	pdrd/PDQ_39_dictionary.csv	pdq39_social_score	data	visit
AMP-PD	PDQ_39.csv	pdrd/PDQ_39_dictionary.csv	pdq39_cognition_score	data	visit
AMP-PD	PDQ_39.csv	pdrd/PDQ_39_dictionary.csv	pdq39_communication_score	data	visit
AMP-PD	PDQ_39.csv	pdrd/PDQ_39_dictionary.csv	pdq39_discomfort_score	data	visit
AMP-PD	PD_Medical_History.csv	pdrd/PD_Medical_History_dictionary.csv	participant_id	key	visit
AMP-PD	PD_Medical_History.csv	pdrd/PD_Medical_History_dictionary.csv	GUID	key	visit
AMP-PD	PD_Medical_History.csv	pdrd/PD_Medical_History_dictionary.csv	visit_name	key	visit
AMP-PD	PD_Medical_History.csv	pdrd/PD_Medical_History_dictionary.csv	visit_month	key	visit
AMP-PD	PD_Medical_History.csv	pdrd/PD_Medical_History_dictionary.csv	diagnosis	data	visit
AMP-PD	PD_Medical_History.csv	pdrd/PD_Medical_History_dictionary.csv	change_in_diagnosis	data	visit
AMP-PD	PD_Medical_History.csv	pdrd/PD_Medical_History_dictionary.csv	change_in_diagnosis_months_after_baseline	data	visit
AMP-PD	PD_Medical_History.csv	pdrd/PD_Medical_History_dictionary.csv	pd_diagnosis_months_after_baseline	data	visit
AMP-PD	PD_Medical_History.csv	pdrd/PD_Medical_History_dictionary.csv	age_at_diagnosis	data	visit
AMP-PD	PD_Medical_History.csv	pdrd/PD_Medical_History_dictionary.csv	pd_medication_initiation_months_after_baseline	data	visit
AMP-PD	PD_Medical_History.csv	pdrd/PD_Medical_History_dictionary.csv	pd_medication_start_months_after_baseline	data	visit
AMP-PD	PD_Medical_History.csv	pdrd/PD_Medical_History_dictionary.csv	use_of_pd_medication	data	visit
AMP-PD	PD_Medical_History.csv	pdrd/PD_Medical_History_dictionary.csv	pd_medication_recent_use_months_after_baseline	data	visit
AMP-PD	PD_Medical_History.csv	pdrd/PD_Medical_History_dictionary.csv	on_levodopa	data	visit
AMP-PD	PD_Medical_History.csv	pdrd/PD_Medical_History_dictionary.csv	on_dopamine_agonist	data	visit
AMP-PD	PD_Medical_History.csv	pdrd/PD_Medical_History_dictionary.csv	on_other_pd_medications	data	visit
AMP-PD	PD_Medical_History.csv	pdrd/PD_Medical_History_dictionary.csv	diagnosis_type	data	visit
AMP-PD	REM_Sleep_Behavior_Disorder_Questionnaire_Mayo.csv	pdrd/REM_Sleep_Behavior_Disorder_Questionnaire_Mayo_dictionary.csv	participant_id	key	visit
AMP-PD	REM_Sleep_Behavior_Disorder_Questionnaire_Mayo.csv	pdrd/REM_Sleep_Behavior_Disorder_Questionnaire_Mayo_dictionary.csv	GUID	key	visit
AMP-PD	REM_Sleep_Behavior_Disorder_Questionnaire_Mayo.csv	pdrd/REM_Sleep_Behavior_Disorder_Questionnaire_Mayo_dictionary.csv	visit_name	key	visit
AMP-PD	REM_Sleep_Behavior_Disorder_Questionnaire_Mayo.csv	pdrd/REM_Sleep_Behavior_Disorder_Questionnaire_Mayo_dictionary.csv	visit_month	key	visit
AMP-PD	REM_Sleep_Behavior_Disorder_Questionnaire_Mayo.csv	pdrd/REM_Sleep_Behavior_Disorder_Questionnaire_Mayo_dictionary.csv	msq_info_source	data	visit
AMP-PD	REM_Sleep_Behavior_Disorder_Questionnaire_Mayo.csv	pdrd/REM_Sleep_Behavior_Disorder_Questionnaire_Mayo_dictionary.csv	msq_interviewee_live_with_subject	data	visit
AMP-PD	REM_Sleep_Behavior_Disorder_Questionnaire_Mayo.csv	pdrd/REM_Sleep_Behavior_Disorder_Questionnaire_Mayo_dictionary.csv	msq_interviewee_sleep_same_room	data	visit
AMP-PD	REM_Sleep_Behavior_Disorder_Questionnaire_Mayo.csv	pdrd/REM_Sleep_Behavior_Disorder_Questionnaire_Mayo_dictionary.csv	msq_distracting_sleep_behaviors	data	visit
AMP-PD	REM_Sleep_Behavior_Disorder_Questionnaire_Mayo.csv	pdrd/REM_Sleep_Behavior_Disorder_Questionnaire_Mayo_dictionary.csv	msq01_act_out_dreams	data	visit
AMP-PD	REM_Sleep_Behavior_Disorder_Questionnaire_Mayo.csv	pdrd/REM_Sleep_Behavior_Disorder_Questionnaire_Mayo_dictionary.csv	msq01a_act_out_years	data	visit
AMP-PD	REM_Sleep_Behavior_Disorder_Questionnaire_Mayo.csv	pdrd/REM_Sleep_Behavior_Disorder_Questionnaire_Mayo_dictionary.csv	msq01a_act_out_months	data	visit
AMP-PD	REM_Sleep_Behavior_Disorder_Questionnaire_Mayo.csv	pdrd/REM_Sleep_Behavior_Disorder_Questionnaire_Mayo_dictionary.csv	msq01b_patient_injured	data	visit
AMP-PD	REM_Sleep_Behavior_Disorder_Questionnaire_Mayo.csv	pdrd/REM_Sleep_Behavior_Disorder_Questionnaire_Mayo_dictionary.csv	msq01c_bedpartner_injured	data	visit
AMP-PD	REM_Sleep_Behavior_Disorder_Questionnaire_Mayo.csv	pdrd/REM_Sleep_Behavior_Disorder_Questionnaire_Mayo_dictionary.csv	msq01d_told_dreams	data	visit
AMP-PD	REM_Sleep_Behavior_Disorder_Questionnaire_Mayo.csv	pdrd/REM_Sleep_Behavior_Disorder_Questionnaire_Mayo_dictionary.csv	msq01e_dream_details_match	data	visit
AMP-PD	REM_Sleep_Behavior_Disorder_Questionnaire_Mayo.csv	pdrd/REM_Sleep_Behavior_Disorder_Questionnaire_Mayo_dictionary.csv	msq02_legs_jerk	data	visit
AMP-PD	REM_Sleep_Behavior_Disorder_Questionnaire_Mayo.csv	pdrd/REM_Sleep_Behavior_Disorder_Questionnaire_Mayo_dictionary.csv	msq03_restless_legs	data	visit
AMP-PD	REM_Sleep_Behavior_Disorder_Questionnaire_Mayo.csv	pdrd/REM_Sleep_Behavior_Disorder_Questionnaire_Mayo_dictionary.csv	msq03a_leg_sensations_decrease	data	visit
AMP-PD	REM_Sleep_Behavior_Disorder_Questionnaire_Mayo.csv	pdrd/REM_Sleep_Behavior_Disorder_Questionnaire_Mayo_dictionary.csv	msq03b_time_leg_sensations_worst	data	visit
AMP-PD	REM_Sleep_Behavior_Disorder_Questionnaire_Mayo.csv	pdrd/REM_Sleep_Behavior_Disorder_Questionnaire_Mayo_dictionary.csv	msq04b_walked_asleep	data	visit
AMP-PD	REM_Sleep_Behavior_Disorder_Questionnaire_Mayo.csv	pdrd/REM_Sleep_Behavior_Disorder_Questionnaire_Mayo_dictionary.csv	msq05_snorted_awake	data	visit
AMP-PD	REM_Sleep_Behavior_Disorder_Questionnaire_Mayo.csv	pdrd/REM_Sleep_Behavior_Disorder_Questionnaire_Mayo_dictionary.csv	msq06_stop_breathing	data	visit
AMP-PD	REM_Sleep_Behavior_Disorder_Questionnaire_Mayo.csv	pdrd/REM_Sleep_Behavior_Disorder_Questionnaire_Mayo_dictionary.csv	msq06a_treated_for_stop_breathing	data	visit
AMP-PD	REM_Sleep_Behavior_Disorder_Questionnaire_Mayo.csv	pdrd/REM_Sleep_Behavior_Disorder_Questionnaire_Mayo_dictionary.csv	msq07_leg_cramps	data	visit
AMP-PD	REM_Sleep_Behavior_Disorder_Questionnaire_Mayo.csv	pdrd/REM_Sleep_Behavior_Disorder_Questionnaire_Mayo_dictionary.csv	msq08_rate_of_alertness	data	visit
AMP-PD	REM_Sleep_Behavior_Disorder_Questionnaire_Stiasny_Kolster.csv	pdrd/REM_Sleep_Behavior_Disorder_Questionnaire_Stiasny_Kolster_dictionary.csv	participant_id	key	visit
AMP-PD	REM_Sleep_Behavior_Disorder_Questionnaire_Stiasny_Kolster.csv	pdrd/REM_Sleep_Behavior_Disorder_Questionnaire_Stiasny_Kolster_dictionary.csv	GUID	key	visit
AMP-PD	REM_Sleep_Behavior_Disorder_Questionnaire_Stiasny_Kolster.csv	pdrd/REM_Sleep_Behavior_Disorder_Questionnaire_Stiasny_Kolster_dictionary.csv	visit_name	key	visit
AMP-PD	REM_Sleep_Behavior_Disorder_Questionnaire_Stiasny_Kolster.csv	pdrd/REM_Sleep_Behavior_Disorder_Questionnaire_Stiasny_Kolster_dictionary.csv	visit_month	key	visit
AMP-PD	REM_Sleep_Behavior_Disorder_Questionnaire_Stiasny_Kolster.csv	pdrd/REM_Sleep_Behavior_Disorder_Questionnaire_Stiasny_Kolster_dictionary.csv	code_rbd_info_source	data	visit
AMP-PD	REM_Sleep_Behavior_Disorder_Questionnaire_Stiasny_Kolster.csv	pdrd/REM_Sleep_Behavior_Disorder_Questionnaire_Stiasny_Kolster_dictionary.csv	code_rbd01_vivid_dreams	data	visit
AMP-PD	REM_Sleep_Behavior_Disorder_Questionnaire_Stiasny_Kolster.csv	pdrd/REM_Sleep_Behavior_Disorder_Questionnaire_Stiasny_Kolster_dictionary.csv	code_rbd02_aggressive_or_action_packed_dreams	data	visit
AMP-PD	REM_Sleep_Behavior_Disorder_Questionnaire_Stiasny_Kolster.csv	pdrd/REM_Sleep_Behavior_Disorder_Questionnaire_Stiasny_Kolster_dictionary.csv	code_rbd03_nocturnal_behaviour	data	visit
AMP-PD	REM_Sleep_Behavior_Disorder_Questionnaire_Stiasny_Kolster.csv	pdrd/REM_Sleep_Behavior_Disorder_Questionnaire_Stiasny_Kolster_dictionary.csv	code_rbd04_move_arms_legs_during_sleep	data	visit
AMP-PD	REM_Sleep_Behavior_Disorder_Questionnaire_Stiasny_Kolster.csv	pdrd/REM_Sleep_Behavior_Disorder_Questionnaire_Stiasny_Kolster_dictionary.csv	code_rbd05_hurt_bed_partner	data	visit
AMP-PD	REM_Sleep_Behavior_Disorder_Questionnaire_Stiasny_Kolster.csv	pdrd/REM_Sleep_Behavior_Disorder_Questionnaire_Stiasny_Kolster_dictionary.csv	code_rbd06_1_speaking_in_sleep	data	visit
AMP-PD	REM_Sleep_Behavior_Disorder_Questionnaire_Stiasny_Kolster.csv	pdrd/REM_Sleep_Behavior_Disorder_Questionnaire_Stiasny_Kolster_dictionary.csv	code_rbd06_2_sudden_limb_movements	data	visit
AMP-PD	REM_Sleep_Behavior_Disorder_Questionnaire_Stiasny_Kolster.csv	pdrd/REM_Sleep_Behavior_Disorder_Questionnaire_Stiasny_Kolster_dictionary.csv	code_rbd06_3_complex_movements	data	visit
AMP-PD	REM_Sleep_Behavior_Disorder_Questionnaire_Stiasny_Kolster.csv	pdrd/REM_Sleep_Behavior_Disorder_Questionnaire_Stiasny_Kolster_dictionary.csv	code_rbd06_4_things_fell_down	data	visit
AMP-PD	REM_Sleep_Behavior_Disorder_Questionnaire_Stiasny_Kolster.csv	pdrd/REM_Sleep_Behavior_Disorder_Questionnaire_Stiasny_Kolster_dictionary.csv	code_rbd07_my_movements_awake_me	data	visit
AMP-PD	REM_Sleep_Behavior_Disorder_Questionnaire_Stiasny_Kolster.csv	pdrd/REM_Sleep_Behavior_Disorder_Questionnaire_Stiasny_Kolster_dictionary.csv	code_rbd08_remember_dreams	data	visit
AMP-PD	REM_Sleep_Behavior_Disorder_Questionnaire_Stiasny_Kolster.csv	pdrd/REM_Sleep_Behavior_Disorder_Questionnaire_Stiasny_Kolster_dictionary.csv	code_rbd09_sleep_is_disturbed	data	visit
AMP-PD	REM_Sleep_Behavior_Disorder_Questionnaire_Stiasny_Kolster.csv	pdrd/REM_Sleep_Behavior_Disorder_Questionnaire_Stiasny_Kolster_dictionary.csv	code_rbd10a_stroke	data	visit
AMP-PD	REM_Sleep_Behavior_Disorder_Questionnaire_Stiasny_Kolster.csv	pdrd/REM_Sleep_Behavior_Disorder_Questionnaire_Stiasny_Kolster_dictionary.csv	code_rbd10b_head_trauma	data	visit
AMP-PD	REM_Sleep_Behavior_Disorder_Questionnaire_Stiasny_Kolster.csv	pdrd/REM_Sleep_Behavior_Disorder_Questionnaire_Stiasny_Kolster_dictionary.csv	code_rbd10c_parkinsonism	data	visit
AMP-PD	REM_Sleep_Behavior_Disorder_Questionnaire_Stiasny_Kolster.csv	pdrd/REM_Sleep_Behavior_Disorder_Questionnaire_Stiasny_Kolster_dictionary.csv	code_rbd10d_rls	data	visit
AMP-PD	REM_Sleep_Behavior_Disorder_Questionnaire_Stiasny_Kolster.csv	pdrd/REM_Sleep_Behavior_Disorder_Questionnaire_Stiasny_Kolster_dictionary.csv	code_rbd10e_narcolepsy	data	visit
AMP-PD	REM_Sleep_Behavior_Disorder_Questionnaire_Stiasny_Kolster.csv	pdrd/REM_Sleep_Behavior_Disorder_Questionnaire_Stiasny_Kolster_dictionary.csv	code_rbd10f_depression	data	visit
AMP-PD	REM_Sleep_Behavior_Disorder_Questionnaire_Stiasny_Kolster.csv	pdrd/REM_Sleep_Behavior_Disorder_Questionnaire_Stiasny_Kolster_dictionary.csv	code_rbd10g_epilepsy	data	visit
AMP-PD	REM_Sleep_Behavior_Disorder_Questionnaire_Stiasny_Kolster.csv	pdrd/REM_Sleep_Behavior_Disorder_Questionnaire_Stiasny_Kolster_dictionary.csv	code_rbd10h_brain_inflammatory_disease	data	visit
AMP-PD	REM_Sleep_Behavior_Disorder_Questionnaire_Stiasny_Kolster.csv	pdrd/REM_Sleep_Behavior_Disorder_Questionnaire_Stiasny_Kolster_dictionary.csv	code_rbd10i_other	data	visit
AMP-PD	REM_Sleep_Behavior_Disorder_Questionnaire_Stiasny_Kolster.csv	pdrd/REM_Sleep_Behavior_Disorder_Questionnaire_Stiasny_Kolster_dictionary.csv	code_rbd10_nervous_system_disease	data	visit
AMP-PD	REM_Sleep_Behavior_Disorder_Questionnaire_Stiasny_Kolster.csv	pdrd/REM_Sleep_Behavior_Disorder_Questionnaire_Stiasny_Kolster_dictionary.csv	rbd_info_source	data	visit
AMP-PD	REM_Sleep_Behavior_Disorder_Questionnaire_Stiasny_Kolster.csv	pdrd/REM_Sleep_Behavior_Disorder_Questionnaire_Stiasny_Kolster_dictionary.csv	rbd01_vivid_dreams	data	visit
AMP-PD	REM_Sleep_Behavior_Disorder_Questionnaire_Stiasny_Kolster.csv	pdrd/REM_Sleep_Behavior_Disorder_Questionnaire_Stiasny_Kolster_dictionary.csv	rbd02_aggressive_or_action_packed_dreams	data	visit
AMP-PD	REM_Sleep_Behavior_Disorder_Questionnaire_Stiasny_Kolster.csv	pdrd/REM_Sleep_Behavior_Disorder_Questionnaire_Stiasny_Kolster_dictionary.csv	rbd03_nocturnal_behaviour	data	visit
AMP-PD	REM_Sleep_Behavior_Disorder_Questionnaire_Stiasny_Kolster.csv	pdrd/REM_Sleep_Behavior_Disorder_Questionnaire_Stiasny_Kolster_dictionary.csv	rbd04_move_arms_legs_during_sleep	data	visit
AMP-PD	REM_Sleep_Behavior_Disorder_Questionnaire_Stiasny_Kolster.csv	pdrd/REM_Sleep_Behavior_Disorder_Questionnaire_Stiasny_Kolster_dictionary.csv	rbd05_hurt_bed_partner	data	visit
AMP-PD	REM_Sleep_Behavior_Disorder_Questionnaire_Stiasny_Kolster.csv	pdrd/REM_Sleep_Behavior_Disorder_Questionnaire_Stiasny_Kolster_dictionary.csv	rbd06_1_speaking_in_sleep	data	visit
AMP-PD	REM_Sleep_Behavior_Disorder_Questionnaire_Stiasny_Kolster.csv	pdrd/REM_Sleep_Behavior_Disorder_Questionnaire_Stiasny_Kolster_dictionary.csv	rbd06_2_sudden_limb_movements	data	visit
AMP-PD	REM_Sleep_Behavior_Disorder_Questionnaire_Stiasny_Kolster.csv	pdrd/REM_Sleep_Behavior_Disorder_Questionnaire_Stiasny_Kolster_dictionary.csv	rbd06_3_complex_movements	data	visit
AMP-PD	REM_Sleep_Behavior_Disorder_Questionnaire_Stiasny_Kolster.csv	pdrd/REM_Sleep_Behavior_Disorder_Questionnaire_Stiasny_Kolster_dictionary.csv	rbd06_4_things_fell_down	data	visit
AMP-PD	REM_Sleep_Behavior_Disorder_Questionnaire_Stiasny_Kolster.csv	pdrd/REM_Sleep_Behavior_Disorder_Questionnaire_Stiasny_Kolster_dictionary.csv	rbd07_my_movements_awake_me	data	visit
AMP-PD	REM_Sleep_Behavior_Disorder_Questionnaire_Stiasny_Kolster.csv	pdrd/REM_Sleep_Behavior_Disorder_Questionnaire_Stiasny_Kolster_dictionary.csv	rbd08_remember_dreams	data	visit
AMP-PD	REM_Sleep_Behavior_Disorder_Questionnaire_Stiasny_Kolster.csv	pdrd/REM_Sleep_Behavior_Disorder_Questionnaire_Stiasny_Kolster_dictionary.csv	rbd09_sleep_is_disturbed	data	visit
AMP-PD	REM_Sleep_Behavior_Disorder_Questionnaire_Stiasny_Kolster.csv	pdrd/REM_Sleep_Behavior_Disorder_Questionnaire_Stiasny_Kolster_dictionary.csv	rbd10a_stroke	data	visit
AMP-PD	REM_Sleep_Behavior_Disorder_Questionnaire_Stiasny_Kolster.csv	pdrd/REM_Sleep_Behavior_Disorder_Questionnaire_Stiasny_Kolster_dictionary.csv	rbd10b_head_trauma	data	visit
AMP-PD	REM_Sleep_Behavior_Disorder_Questionnaire_Stiasny_Kolster.csv	pdrd/REM_Sleep_Behavior_Disorder_Questionnaire_Stiasny_Kolster_dictionary.csv	rbd10c_parkinsonism	data	visit
AMP-PD	REM_Sleep_Behavior_Disorder_Questionnaire_Stiasny_Kolster.csv	pdrd/REM_Sleep_Behavior_Disorder_Questionnaire_Stiasny_Kolster_dictionary.csv	rbd10d_rls	data	visit
AMP-PD	REM_Sleep_Behavior_Disorder_Questionnaire_Stiasny_Kolster.csv	pdrd/REM_Sleep_Behavior_Disorder_Questionnaire_Stiasny_Kolster_dictionary.csv	rbd10e_narcolepsy	data	visit
AMP-PD	REM_Sleep_Behavior_Disorder_Questionnaire_Stiasny_Kolster.csv	pdrd/REM_Sleep_Behavior_Disorder_Questionnaire_Stiasny_Kolster_dictionary.csv	rbd10f_depression	data	visit
AMP-PD	REM_Sleep_Behavior_Disorder_Questionnaire_Stiasny_Kolster.csv	pdrd/REM_Sleep_Behavior_Disorder_Questionnaire_Stiasny_Kolster_dictionary.csv	rbd10g_epilepsy	data	visit
AMP-PD	REM_Sleep_Behavior_Disorder_Questionnaire_Stiasny_Kolster.csv	pdrd/REM_Sleep_Behavior_Disorder_Questionnaire_Stiasny_Kolster_dictionary.csv	rbd10h_brain_inflammatory_disease	data	visit
AMP-PD	REM_Sleep_Behavior_Disorder_Questionnaire_Stiasny_Kolster.csv	pdrd/REM_Sleep_Behavior_Disorder_Questionnaire_Stiasny_Kolster_dictionary.csv	rbd10i_other	data	visit
AMP-PD	REM_Sleep_Behavior_Disorder_Questionnaire_Stiasny_Kolster.csv	pdrd/REM_Sleep_Behavior_Disorder_Questionnaire_Stiasny_Kolster_dictionary.csv	rbd10_nervous_system_disease	data	visit
AMP-PD	REM_Sleep_Behavior_Disorder_Questionnaire_Stiasny_Kolster.csv	pdrd/REM_Sleep_Behavior_Disorder_Questionnaire_Stiasny_Kolster_dictionary.csv	rbd_summary_score	data	visit
AMP-AD	ROSMAP_clinical.csv		projid	key	visit
AMP-AD	ROSMAP_clinical.csv		visit_name	key	visit
AMP-AD	ROSMAP_clinical.csv		visit_month	key	visit
AMP-AD	ROSMAP_clinical.csv		age_at_visit	data	visit
AMP-AD	ROSMAP_clinical.csv		dcfdx	data	visit
AMP-AD	ROSMAP_subject.csv		projid	key	subject
AMP-AD	ROSMAP_subject.csv		apoe_genotype	data	subject
AMP-AD	ROSMAP_subject.csv		educ	data	subject
AMP-AD	ROSMAP_subject.csv		msex	data	subject
AMP-AD	ROSMAP_subject.csv		spanish	data	subject
AMP-AD	ROSMAP_subject.csv		age_death	data	subject
AMP-AD	ROSMAP_subject.csv		age_first_ad_dx	data	subject
AMP-AD	ROSMAP_subject.csv		cogdx	data	subject
AMP-AD	ROSMAP_subject.csv		braaksc	data	subject
AMP-AD	ROSMAP_subject.csv		ceradsc	data	subject
AMP-AD	ROSMAP_subject.csv		pmi	data	subject
AMP-PD	Smoking_and_alcohol_history.csv	pdrd/Smoking_and_alcohol_history_dictionary.csv	participant_id	key	visit
AMP-PD	Smoking_and_alcohol_history.csv	pdrd/Smoking_and_alcohol_history_dictionary.csv	GUID	key	visit
AMP-PD	Smoking_and_alcohol_history.csv	pdrd/Smoking_and_alcohol_history_dictionary.csv	visit_name	key	visit
AMP-PD	Smoking_and_alcohol_history.csv	pdrd/Smoking_and_alcohol_history_dictionary.csv	visit_month	key	visit
AMP-PD	Smoking_and_alcohol_history.csv	pdrd/Smoking_and_alcohol_history_dictionary.csv	tobacco_ever_used	data	visit
AMP-PD	Smoking_and_alcohol_history.csv	pdrd/Smoking_and_alcohol_history_dictionary.csv	tobacco_current_use	data	visit
AMP-PD	Smoking_and_alcohol_history.csv	pdrd/Smoking_and_alcohol_history_dictionary.csv	smoked_100_more_cigarettes	data	visit
AMP-PD	Smoking_and_alcohol_history.csv	pdrd/Smoking_and_alcohol_history_dictionary.csv	alcohol_ever_used	data	visit
AMP-PD	Smoking_and_alcohol_history.csv	pdrd/Smoking_and_alcohol_history_dictionary.csv	alcohol_current_use	data	visit
AMP-PD	Smoking_and_alcohol_history.csv	pdrd/Smoking_and_alcohol_history_dictionary.csv	tobacco_recent_use	data	visit
AMP-PD	Smoking_and_alcohol_history.csv	pdrd/Smoking_and_alcohol_history_dictionary.csv	tobacco_prior_use	data	visit
AMP-PD	Smoking_and_alcohol_history.csv	pdrd/Smoking_and_alcohol_history_dictionary.csv	tobacco_start_age	data	visit
AMP-PD	Smoking_and_alcohol_history.csv	pdrd/Smoking_and_alcohol_history_dictionary.csv	tobacco_stop_age	data	visit
AMP-PD	Smoking_and_alcohol_history.csv	pdrd/Smoking_and_alcohol_history_dictionary.csv	cigarettes_per_day	data	visit
AMP-PD	Smoking_and_alcohol_history.csv	pdrd/Smoking_and_alcohol_history_dictionary.csv	cigarettes_packs_per_day	data	visit
AMP-PD	Smoking_and_alcohol_history.csv	pdrd/Smoking_and_alcohol_history_dictionary.csv	alcohol_recent_use	data	visit
AMP-PD	Smoking_and_alcohol_history.csv	pdrd/Smoking_and_alcohol_history_dictionary.csv	alcohol_prior_use	data	visit
AMP-PD	Smoking_and_alcohol_history.csv	pdrd/Smoking_and_alcohol_history_dictionary.csv	alcohol_start_age	data	visit
AMP-PD	Smoking_and_alcohol_history.csv	pdrd/Smoking_and_alcohol_history_dictionary.csv	alcohol_stop_age	data	visit
AMP-PD	Smoking_and_alcohol_history.csv	pdrd/Smoking_and_alcohol_history_dictionary.csv	alcohol_use_frequency	data	visit
AMP-PD	Smoking_and_alcohol_history.csv	pdrd/Smoking_and_alcohol_history_dictionary.csv	alcohol_drinks_daily_range	data	visit
AMP-PD	Smoking_and_alcohol_history.csv	pdrd/Smoking_and_alcohol_history_dictionary.csv	alcohol_six_more_drinks_frequency	data	visit
AMP-PD	Smoking_and_alcohol_history.csv	pdrd/Smoking_and_alcohol_history_dictionary.csv	alcohol_related_hospitalization	data	visit
AMP-PD	Smoking_and_alcohol_history.csv	pdrd/Smoking_and_alcohol_history_dictionary.csv	cigarettes_per_day_current	data	visit
AMP-PD	Smoking_and_alcohol_history.csv	pdrd/Smoking_and_alcohol_history_dictionary.csv	cigarettes_per_day_past	data	visit
AMP-PD	Smoking_and_alcohol_history.csv	pdrd/Smoking_and_alcohol_history_dictionary.csv	smoke_exposure_home	data	visit
AMP-PD	Smoking_and_alcohol_history.csv	pdrd/Smoking_and_alcohol_history_dictionary.csv	smoke_exposure_work	data	visit
AMP-PD	Smoking_and_alcohol_history.csv	pdrd/Smoking_and_alcohol_history_dictionary.csv	smoke_exposure_other_areas	data	visit
AMP-PD	Smoking_and_alcohol_history.csv	pdrd/Smoking_and_alcohol_history_dictionary.csv	alcohol_drinks_day	data	visit
AMP-PD	Smoking_and_alcohol_history.csv	pdrd/Smoking_and_alcohol_history_dictionary.csv	alcohol_consumed_years	data	visit
AMP-PD	Smoking_and_alcohol_history.csv	pdrd/Smoking_and_alcohol_history_dictionary.csv	alcohol_consumption_change	data	visit
AMP-PD	Smoking_and_alcohol_history.csv	pdrd/Smoking_and_alcohol_history_dictionary.csv	alcohol_inc_dec	data	visit
AMP-PD	UPDRS.csv	pdrd/UPDRS_dictionary.csv	participant_id	key	visit
AMP-PD	UPDRS.csv	pdrd/UPDRS_dictionary.csv	GUID	key	visit
AMP-PD	UPDRS.csv	pdrd/UPDRS_dictionary.csv	visit_name	key	visit
AMP-PD	UPDRS.csv	pdrd/UPDRS_dictionary.csv	visit_month	key	visit
AMP-PD	UPDRS.csv	pdrd/UPDRS_dictionary.csv	upd101_intellect_impairment	data	visit
AMP-PD	UPDRS.csv	pdrd/UPDRS_dictionary.csv	upd102_thought_disorder	data	visit
AMP-PD	UPDRS.csv	pdrd/UPDRS_dictionary.csv	upd103_depression	data	visit
AMP-PD	UPDRS.csv	pdrd/UPDRS_dictionary.csv	upd104_motivation	data	visit
AMP-PD	UPDRS.csv	pdrd/UPDRS_dictionary.csv	updrs1_ment_behav_mood_score	data	visit
AMP-PD	UPDRS.csv	pdrd/UPDRS_dictionary.csv	upd105_speech	data	visit
AMP-PD	UPDRS.csv	pdrd/UPDRS_dictionary.csv	upd106_salivation	data	visit
AMP-PD	UPDRS.csv	pdrd/UPDRS_dictionary.csv	upd107_swallowing	data	visit
AMP-PD	UPDRS.csv	pdrd/UPDRS_dictionary.csv	upd108_handwriting	data	visit
AMP-PD	UPDRS.csv	pdrd/UPDRS_dictionary.csv	upd109_cutting_food	data	visit
AMP-PD	UPDRS.csv	pdrd/UPDRS_dictionary.csv	upd110_dressing	data	visit
AMP-PD	UPDRS.csv	pdrd/UPDRS_dictionary.csv	upd111_hygiene	data	visit
AMP-PD	UPDRS.csv	pdrd/UPDRS_dictionary.csv	upd112_turning_in_bed	data	visit
AMP-PD	UPDRS.csv	pdrd/UPDRS_dictionary.csv	upd113_falling	data	visit
AMP-PD	UPDRS.csv	pdrd/UPDRS_dictionary.csv	upd114_freezing_walking	data	visit
AMP-PD	UPDRS.csv	pdrd/UPDRS_dictionary.csv	upd115_walking	data	visit
AMP-PD	UPDRS.csv	pdrd/UPDRS_dictionary.csv	upd116_tremor	data	visit
AMP-PD	UPDRS.csv	pdrd/UPDRS_dictionary.csv	upd117_sensory_complaints	data	visit
AMP-PD	UPDRS.csv	pdrd/UPDRS_dictionary.csv	updrs2_adl_score	data	visit
AMP-PD	UPDRS.csv	pdrd/UPDRS_dictionary.csv	upd118_speech	data	visit
AMP-PD	UPDRS.csv	pdrd/UPDRS_dictionary.csv	upd119_facial_expression	data	visit
AMP-PD	UPDRS.csv	pdrd/UPDRS_dictionary.csv	upd120a_tremor_face_lips_chin	data	visit
AMP-PD	UPDRS.csv	pdrd/UPDRS_dictionary.csv	upd120b_tremor_rest_hand_rt	data	visit
AMP-PD	UPDRS.csv	pdrd/UPDRS_dictionary.csv	upd120c_tremor_rest_hand_lt	data	visit
AMP-PD	UPDRS.csv	pdrd/UPDRS_dictionary.csv	upd120d_tremor_rest_feet_rt	data	visit
AMP-PD	UPDRS.csv	pdrd/UPDRS_dictionary.csv	upd120e_tremor_rest_feet_lt	data	visit
AMP-PD	UPDRS.csv	pdrd/UPDRS_dictionary.csv	upd121a_action_tremor_hand_rt	data	visit
AMP-PD	UPDRS.csv	pdrd/UPDRS_dictionary.csv	upd121b_action_tremor_hand_left	data	visit
AMP-PD	UPDRS.csv	pdrd/UPDRS_dictionary.csv	upd122a_rigidity_neck	data	visit
AMP-PD	UPDRS.csv	pdrd/UPDRS_dictionary.csv	upd122b_rigidity_up_extrem_rt	data	visit
AMP-PD	UPDRS.csv	pdrd/UPDRS_dictionary.csv	upd122c_rigidity_up_extrem_lt	data	visit
AMP-PD	UPDRS.csv	pdrd/UPDRS_dictionary.csv	upd122d_rigidity_low_extrem_rt	data	visit
AMP-PD	UPDRS.csv	pdrd/UPDRS_dictionary.csv	upd122e_rigidity_low_extrem_lt	data	visit
AMP-PD	UPDRS.csv	pdrd/UPDRS_dictionary.csv	upd123a_finger_taps_right	data	visit
AMP-PD	UPDRS.csv	pdrd/UPDRS_dictionary.csv	upd123b_finger_taps_left	data	visit
AMP-PD	UPDRS.csv	pdrd/UPDRS_dictionary.csv	upd124a_hand_grips_right	data	visit
AMP-PD	UPDRS.csv	pdrd/UPDRS_dictionary.csv	upd124b_hand_grips_left	data	visit
AMP-PD	UPDRS.csv	pdrd/UPDRS_dictionary.csv	upd125a_hand_pronate_supinate_rt	data	visit
AMP-PD	UPDRS.csv	pdrd/UPDRS_dictionary.csv	upd125b_hand_pronate_supinate_lt	data	visit
AMP-PD	UPDRS.csv	pdrd/UPDRS_dictionary.csv	upd126a_leg_agility_rt	data	visit
AMP-PD	UPDRS.csv	pdrd/UPDRS_dictionary.csv	upd126b_leg_agility_lt	data	visit
AMP-PD	UPDRS.csv	pdrd/UPDRS_dictionary.csv	upd127_arising_from_chair	data	visit
AMP-PD	UPDRS.csv	pdrd/UPDRS_dictionary.csv	upd128_posture	data	visit
AMP-PD	UPDRS.csv	pdrd/UPDRS_dictionary.csv	upd129_gait	data	visit
AMP-PD	UPDRS.csv	pdrd/UPDRS_dictionary.csv	upd130_postural_stability	data	visit
AMP-PD	UPDRS.csv	pdrd/UPDRS_dictionary.csv	upd131_body_bradykinesia	data	visit
AMP-PD	UPDRS.csv	pdrd/UPDRS_dictionary.csv	updrs3_motor_examination_score	data	visit
AMP-PD	UPDRS.csv	pdrd/UPDRS_dictionary.csv	upd132_dyskinesias_duration	data	visit
AMP-PD	UPDRS.csv	pdrd/UPDRS_dictionary.csv	upd133_dyskinesias_disability	data	visit
AMP-PD	UPDRS.csv	pdrd/UPDRS_dictionary.csv	upd134_dyskinesias_painful	data	visit
AMP-PD	UPDRS.csv	pdrd/UPDRS_dictionary.csv	upd135_dyskinesias_dystonia	data	visit
AMP-PD	UPDRS.csv	pdrd/UPDRS_dictionary.csv	upd136_off_periods_predictable	data	visit
AMP-PD	UPDRS.csv	pdrd/UPDRS_dictionary.csv	upd137_off_periods_unpredictable	data	visit
AMP-PD	UPDRS.csv	pdrd/UPDRS_dictionary.csv	upd138_off_periods_sudden	data	visit
AMP-PD	UPDRS.csv	pdrd/UPDRS_dictionary.csv	upd139_clin_fluctu_off_periods	data	visit
AMP-PD	UPDRS.csv	pdrd/UPDRS_dictionary.csv	upd140_anorexia_nausea_vomit	data	visit
AMP-PD	UPDRS.csv	pdrd/UPDRS_dictionary.csv	upd141_sleep_disturbances	data	visit
AMP-PD	UPDRS.csv	pdrd/UPDRS_dictionary.csv	upd142_symptomatic_orthostasis	data	visit
AMP-PD	UPDRS.csv	pdrd/UPDRS_dictionary.csv	updrs4_therapy_complications_score	data	visit
AMP-PD	UPDRS.csv	pdrd/UPDRS_dictionary.csv	upd143_mod_hoehn_and_yahr_stage	data	visit
AMP-PD	UPSIT.csv	pdrd/UPSIT_dictionary.csv	participant_id	key	visit
AMP-PD	UPSIT.csv	pdrd/UPSIT_dictionary.csv	GUID	key	visit
AMP-PD	UPSIT.csv	pdrd/UPSIT_dictionary.csv	visit_name	key	visit
AMP-PD	UPSIT.csv	pdrd/UPSIT_dictionary.csv	visit_month	key	visit
AMP-PD	UPSIT.csv	pdrd/UPSIT_dictionary.csv	upsit_performed	data	visit
AMP-PD	UPSIT.csv	pdrd/UPSIT_dictionary.csv	score_from_booklet_1	data	visit
AMP-PD	UPSIT.csv	pdrd/UPSIT_dictionary.csv	score_from_booklet_2	data	visit
AMP-PD	UPSIT.csv	pdrd/UPSIT_dictionary.csv	score_from_booklet_3	data	visit
AMP-PD	UPSIT.csv	pdrd/UPSIT_dictionary.csv	score_from_booklet_4	data	visit
AMP-PD	UPSIT.csv	pdrd/UPSIT_dictionary.csv	upsit_total_score	data	visit
